原文,归一化标注,card_no,card_name_cn,sub_title_cn,匹配方式,QA覆盖,QA条数,QA_source_id,出现次数,出现文件
“敲”诈,“敲”诈,OGN-095,“敲”诈,,精确(名),有,2,38、152,1,2025-09-03_关于第一赛季区域公开赛-广州站赛后判例_1106492573155852293/判例文字.txt
（空·跨行续接）,苍炎守护者、亡花掠食者,OGN-082、OGN-161,苍炎守护者、亡花掠食者,,跨行续接·精确(名)、跨行续接·模糊(距1),有,1,48,2,2025-09-12_关于第一赛季区域公开赛-重庆站赛后判例_1111662951442415632/判例文字.txt、2025-09-19_关于第一赛季区域公开赛-杭州站赛后判例_1114291471444344833/判例文字.txt
三相之力,三相之力,SFD-115,三相之力,,精确(名),无,0,,3,2026-01-21_关于第二赛季区域公开赛-福州站赛后判例_1160282840232886273/判例文字.txt
中娅沙漏,中娅沙漏,OGN-077,中娅沙漏,,精确(名),有,11,41、42、46、119、120、123、146、150、151、174、207,26,2025-09-03_关于第一赛季区域公开赛-广州站赛后判例_1106492573155852293/判例文字.txt、2025-11-13_关于第一赛季全国公开赛（上海）赛后判例_1134645362212995072/判例文字.txt、2026-05-20_关于第三赛季区域公开赛-苏州站赛后判例_1204434245046501409/判例文字.txt、2026-05-27_关于第三赛季区域公开赛-西安站赛后判例_1207047303099056151/判例文字.txt
临终仪式,临终仪式,SFD-150,临终仪式,,精确(名),无,0,,2,2026-02-04_关于第二赛季区域公开赛-大连站赛后判例_1165431670649651201/判例文字.txt
乐芙兰－诡术妖姬,诡术妖姬,UNL-199,诡术妖姬,,拆解(后缀成卡·黏连),无,0,,5,2026-07-23_关于第三赛季全国公开赛赛后判例_1228145041509187608/判例文字.txt
乐芙兰诡术妖姬,诡术妖姬,UNL-199,诡术妖姬,,拆解(后缀成卡·黏连),无,0,,1,2026-07-23_关于第三赛季全国公开赛赛后判例_1228145041509187608/判例文字.txt
亡花掠食者,亡花掠食者,OGN-161,亡花掠食者,,精确(名),有,1,48,14,2025-09-19_关于第一赛季区域公开赛-杭州站赛后判例_1114291471444344833/判例文字.txt、2025-11-13_关于第一赛季全国公开赛（上海）赛后判例_1134645362212995072/判例文字.txt
传奇殿堂,传奇殿堂,SFD-210,传奇殿堂,,精确(名),无,0,,2,2026-02-12_关于第二赛季区域公开赛-南京站赛后判例_1168377215052677145/判例文字.txt
先锋之眼,先锋之眼,SFD-153,先锋之眼,,精确(名),无,0,,7,2026-01-29_关于第二赛季区域公开赛-成都站赛后判例_1163166481226137616/判例文字.txt
先锋队长,先锋队长,OGN-218,先锋队长,,精确(名),无,0,,1,2025-09-12_关于第一赛季区域公开赛-重庆站赛后判例_1111662951442415632/判例文字.txt
共同献身,共同献身,OGS-015,共同献身,,精确(名),无,0,,1,2025-09-03_关于第一赛季区域公开赛-广州站赛后判例_1106492573155852293/判例文字.txt
决斗,决斗,OGN-128,决斗,,精确(名),有,1,18,1,2025-09-03_关于第一赛季区域公开赛-广州站赛后判例_1106492573155852293/判例文字.txt
凯南－御衡之,凯南（御衡之心）,VEN-135,凯南,御衡之心,前缀匹配(副标题),无,0,,1,2026-09-03_关于第四赛季区域公开赛「武汉站」赛后判例_1243800197284233235/判例文字.txt
凯南-御衡之心,凯南（御衡之心）,VEN-135,凯南,御衡之心,精确(名+副标题),无,0,,1,2026-09-03_关于第四赛季区域公开赛「武汉站」赛后判例_1243800197284233235/判例文字.txt
凯南－御衡之心,凯南（御衡之心）,VEN-135,凯南,御衡之心,精确(名+副标题),无,0,,8,2026-09-03_关于第四赛季区域公开赛「武汉站」赛后判例_1243800197284233235/判例文字.txt
前来相助,前来相助,SFD-111,前来相助,,精确(名),有,1,153,2,2026-05-27_关于第三赛季区域公开赛-西安站赛后判例_1207047303099056151/判例文字.txt
加农炮幕,加农炮幕,OGN-127,加农炮幕,,精确(名),无,0,,1,2025-09-05_关于第一赛季区域公开赛-北京站赛后判例_1108988045816758312/判例文字.txt
劫掠船巷,劫掠船巷,OGN-285,劫掠船巷,,精确(名),有,2,37、78,4,2026-01-21_关于第二赛季区域公开赛-福州站赛后判例_1160282840232886273/判例文字.txt
卑之喉的巢穴,卑鄙之喉的巢穴,OGN-295,卑鄙之喉的巢穴,,模糊(距1),无,0,,5,2025-09-03_关于第一赛季区域公开赛-广州站赛后判例_1106492573155852293/判例文字.txt、2025-11-13_关于第一赛季全国公开赛（上海）赛后判例_1134645362212995072/判例文字.txt
卑部之喉的巢穴,卑鄙之喉的巢穴,OGN-295,卑鄙之喉的巢穴,,模糊(距1),无,0,,1,2025-11-13_关于第一赛季全国公开赛（上海）赛后判例_1134645362212995072/判例文字.txt
卡兹克-恐怖畸变,卡兹克（恐怖畸变）,UNL-143,卡兹克,恐怖畸变,精确(名+副标题),有,1,115,4,2026-05-20_关于第三赛季区域公开赛-苏州站赛后判例_1204434245046501409/判例文字.txt
卡牌骗术,卡牌骗术,OGN-183,卡牌骗术,,精确(名),有,4,82、83、84、116,3,2026-05-27_关于第三赛季区域公开赛-西安站赛后判例_1207047303099056151/判例文字.txt
卡牌骗术并选择<回响>，对方打出,卡牌骗术,OGN-183,卡牌骗术,,前缀截取[卡牌骗术]·精确(名),有,4,82、83、84、116,1,2026-05-27_关于第三赛季区域公开赛-西安站赛后判例_1207047303099056151/判例文字.txt
卡莎，虚空之女,虚空之女,OGN-247,虚空之女,,拆解(后缀成卡·黏连),有,1,68,1,2025-09-03_关于第一赛季区域公开赛-广州站赛后判例_1106492573155852293/判例文字.txt
卡银娜·薇蕊泽,卡银娜·薇蕊泽,SFD-179,卡银娜·薇蕊泽,,精确(名),无,0,,3,2026-05-20_关于第三赛季区域公开赛-苏州站赛后判例_1204434245046501409/判例文字.txt
厄塔汗,厄塔汗,UNL-170,厄塔汗,,精确(名),有,1,88,2,2026-05-20_关于第三赛季区域公开赛-苏州站赛后判例_1204434245046501409/判例文字.txt
哀哀魄罗,哀哀魄罗,SFD-036,哀哀魄罗,,精确(名),有,1,163,6,2026-06-17_关于第三赛季区域公开赛-长沙站赛后判例_1214778244239196213/判例文字.txt、2026-09-03_关于第四赛季区域公开赛「武汉站」赛后判例_1243800197284233235/判例文字.txt
坏坏魄罗,坏坏魄罗,SFD-069,坏坏魄罗,,精确(名),有,1,129,6,2026-01-29_关于第二赛季区域公开赛-成都站赛后判例_1163166481226137616/判例文字.txt、2026-02-04_关于第二赛季区域公开赛-大连站赛后判例_1165431670649651201/判例文字.txt
坚毅不倒,坚毅不倒,OGN-145,坚毅不倒,,精确(名),有,1,18,2,2025-09-03_关于第一赛季区域公开赛-广州站赛后判例_1106492573155852293/判例文字.txt
大副,大副,OGN-132,大副,,精确(名),有,2,50、209,2,2025-09-05_关于第一赛季区域公开赛-北京站赛后判例_1108988045816758312/判例文字.txt
天声震落,天声震落,OGN-250,天声震落,,精确(名),无,0,,3,2025-09-05_关于第一赛季区域公开赛-北京站赛后判例_1108988045816758312/判例文字.txt
天角牧者,天角牧者,SFD-048,天角牧者,,精确(名),无,0,,7,2026-09-16_关于第四赛季区域公开赛「沈阳站」赛后判例_1248516146510954500/判例文字.txt
天顶之刃,天顶之刃,OGN-262,天顶之刃,,精确(名),无,0,,2,2025-09-03_关于第一赛季区域公开赛-广州站赛后判例_1106492573155852293/判例文字.txt
"奇亚娜,所向披靡",奇亚娜（所向披靡）,OGN-155,奇亚娜,所向披靡,精确(名+副标题),无,0,,2,2025-09-05_关于第一赛季区域公开赛-北京站赛后判例_1108988045816758312/判例文字.txt、2025-09-12_关于第一赛季区域公开赛-重庆站赛后判例_1111662951442415632/判例文字.txt
奇亚娜，所向披靡,奇亚娜（所向披靡）,OGN-155,奇亚娜,所向披靡,精确(名+副标题),无,0,,2,2025-09-05_关于第一赛季区域公开赛-北京站赛后判例_1108988045816758312/判例文字.txt
奥恩,奥恩（铁匠）,SFD-058,奥恩,铁匠,精确(名·上下文定副标题),无,0,,1,2026-05-20_关于第三赛季区域公开赛-苏州站赛后判例_1204434245046501409/判例文字.txt
奥恩－铁匠,奥恩（铁匠）,SFD-058,奥恩,铁匠,精确(名+副标题),无,0,,3,2026-05-20_关于第三赛季区域公开赛-苏州站赛后判例_1204434245046501409/判例文字.txt
娜美-,娜美（移海之志）,UNL-052,娜美,移海之志,精确(名),无,0,,1,2026-05-27_关于第三赛季区域公开赛-西安站赛后判例_1207047303099056151/判例文字.txt
娜美-移海之志,娜美（移海之志）,UNL-052,娜美,移海之志,精确(名+副标题),无,0,,2,2026-05-27_关于第三赛季区域公开赛-西安站赛后判例_1207047303099056151/判例文字.txt
守护天使,守护天使,SFD-051,守护天使,,精确(名),有,1,146,2,2026-06-17_关于第三赛季区域公开赛-长沙站赛后判例_1214778244239196213/判例文字.txt
寞想,冥想,OGN-048,冥想,,模糊(距1),无,0,,1,2025-09-03_关于第一赛季区域公开赛-广州站赛后判例_1106492573155852293/判例文字.txt
寞想的额外可选费用，不是目标选择，不会触发幻梦之树的技能，不抽牌。,冥想,OGN-048,冥想,,前缀截取[寞想]·模糊(距1),无,0,,1,2025-09-03_关于第一赛季区域公开赛-广州站赛后判例_1106492573155852293/判例文字.txt
峡谷先锋,峡谷先锋,UNL-179,峡谷先锋,,精确(名),无,0,,4,2026-05-20_关于第三赛季区域公开赛-苏州站赛后判例_1204434245046501409/判例文字.txt
帝国谕令,帝国谕令,OGN-221,帝国谕令,,精确(名),有,2,91、138,4,2025-09-12_关于第一赛季区域公开赛-重庆站赛后判例_1111662951442415632/判例文字.txt、2026-01-21_关于第二赛季区域公开赛-福州站赛后判例_1160282840232886273/判例文字.txt
幻梦之树,幻梦之树,OGN-292,幻梦之树,,精确(名),有,2,25、80,10,2025-09-03_关于第一赛季区域公开赛-广州站赛后判例_1106492573155852293/判例文字.txt、2025-11-13_关于第一赛季全国公开赛（上海）赛后判例_1134645362212995072/判例文字.txt
废物利用,废物利用,OGN-224,废物利用,,精确(名),无,0,,5,2025-09-03_关于第一赛季区域公开赛-广州站赛后判例_1106492573155852293/判例文字.txt、2025-11-13_关于第一赛季全国公开赛（上海）赛后判例_1134645362212995072/判例文字.txt
彗－焚心绘华,彗（焚心绘华）,UNL-080,彗,焚心绘华,精确(名+副标题),无,0,,4,2026-05-27_关于第三赛季区域公开赛-西安站赛后判例_1207047303099056151/判例文字.txt
彗-焚心绘华的内,彗（焚心绘华）,UNL-080,彗,焚心绘华,模糊(距2),无,0,,1,2026-05-27_关于第三赛季区域公开赛-西安站赛后判例_1207047303099056151/判例文字.txt
德莱厄斯，崔法利,德莱厄斯（崔法利）,OGN-027,德莱厄斯,崔法利,精确(名+副标题),有,1,10,1,2025-09-03_关于第一赛季区域公开赛-广州站赛后判例_1106492573155852293/判例文字.txt
德莱文-艺高胆大,德莱文（艺高胆大）,SFD-148,德莱文,艺高胆大,精确(名+副标题),有,3,91、128、218,4,2026-03-27_关于第二赛季全国公开赛赛后判例_1184426593019232338/判例文字.txt
德莱文－艺高胆大,德莱文（艺高胆大）,SFD-148,德莱文,艺高胆大,精确(名+副标题),有,3,91、128、218,6,2026-01-21_关于第二赛季区域公开赛-福州站赛后判例_1160282840232886273/判例文字.txt、2026-03-27_关于第二赛季全国公开赛赛后判例_1184426593019232338/判例文字.txt
德莱文－血,德莱文（血斧飞旋）,SFD-020,德莱文,血斧飞旋,前缀匹配(副标题),无,0,,1,2026-01-21_关于第二赛季区域公开赛-福州站赛后判例_1160282840232886273/判例文字.txt
德莱文-血斧飞旋,德莱文（血斧飞旋）,SFD-020,德莱文,血斧飞旋,精确(名+副标题),无,0,,2,2026-01-21_关于第二赛季区域公开赛-福州站赛后判例_1160282840232886273/判例文字.txt
德莱文－血斧飞旋,德莱文（血斧飞旋）,SFD-020,德莱文,血斧飞旋,精确(名+副标题),无,0,,6,2026-01-21_关于第二赛季区域公开赛-福州站赛后判例_1160282840232886273/判例文字.txt
德莱文一血斧飞旋,德莱文（血斧飞旋）,SFD-020,德莱文,血斧飞旋,精确(名+副标题),无,0,,2,2026-01-21_关于第二赛季区域公开赛-福州站赛后判例_1160282840232886273/判例文字.txt
忠实的工坊主,忠实的工坊主,OGN-211,忠实的工坊主,,精确(名),无,0,,2,2025-09-12_关于第一赛季区域公开赛-重庆站赛后判例_1111662951442415632/判例文字.txt
恶意,恶意收购,SFD-202,恶意收购,,精确(名字前缀),有,1,205,1,2026-09-16_关于第四赛季区域公开赛「沈阳站」赛后判例_1248516146510954500/判例文字.txt
恶意收购,恶意收购,SFD-202,恶意收购,,精确(名),有,1,205,3,2026-03-27_关于第二赛季全国公开赛赛后判例_1184426593019232338/判例文字.txt、2026-09-16_关于第四赛季区域公开赛「沈阳站」赛后判例_1248516146510954500/判例文字.txt
戈拉斯克调酒师,戈拉斯克调酒师,SFD-165,戈拉斯克调酒师,,精确(名),有,3,86、87、140,2,2026-01-29_关于第二赛季区域公开赛-成都站赛后判例_1163166481226137616/判例文字.txt
我流奥义！,我流奥义！隼舞,VEN-140,我流奥义！隼舞,,跨行续接·模糊(距1),无,0,,1,2026-09-16_关于第四赛季区域公开赛「沈阳站」赛后判例_1248516146510954500/判例文字.txt
我流奥义！舞,我流奥义！隼舞,VEN-140,我流奥义！隼舞,,模糊(距1),无,0,,1,2026-09-16_关于第四赛季区域公开赛「沈阳站」赛后判例_1248516146510954500/判例文字.txt
我流奥义！隼舞,我流奥义！隼舞,VEN-140,我流奥义！隼舞,,精确(名),无,0,,2,2026-09-16_关于第四赛季区域公开赛「沈阳站」赛后判例_1248516146510954500/判例文字.txt
我流奥义！集舞,我流奥义！隼舞,VEN-140,我流奥义！隼舞,,模糊(距1),无,0,,1,2026-09-16_关于第四赛季区域公开赛「沈阳站」赛后判例_1248516146510954500/判例文字.txt
战或逃,战或逃,OGN-168,战或逃,,精确(名),有,2,161、181,11,2025-11-13_关于第一赛季全国公开赛（上海）赛后判例_1134645362212995072/判例文字.txt、2026-01-21_关于第二赛季区域公开赛-福州站赛后判例_1160282840232886273/判例文字.txt
扑咚!,扑咚！,SFD-040,扑咚！,,精确(名),无,0,,5,2026-02-04_关于第二赛季区域公开赛-大连站赛后判例_1165431670649651201/判例文字.txt
扑咚！,扑咚！,SFD-040,扑咚！,,精确(名),无,0,,1,2026-02-04_关于第二赛季区域公开赛-大连站赛后判例_1165431670649651201/判例文字.txt
拉文布鲁姆学生,拉文布鲁姆学生,OGN-103,拉文布鲁姆学生,,精确(名),有,5,51、116、176、177、178,7,2025-09-03_关于第一赛季区域公开赛-广州站赛后判例_1106492573155852293/判例文字.txt、2026-05-27_关于第三赛季区域公开赛-西安站赛后判例_1207047303099056151/判例文字.txt
换换乐,换换乐,SFD-145,换换乐,,精确(名),有,1,171,2,2026-09-16_关于第四赛季区域公开赛「沈阳站」赛后判例_1248516146510954500/判例文字.txt
控潮,控潮者,OGN-199,控潮者,,精确(名字前缀),有,1,137,1,2026-06-10_关于第三赛季区域公开赛-天津站赛后判例_1212165186176155648/判例文字.txt
控潮者,控潮者,OGN-199,控潮者,,精确(名),有,1,137,12,2025-09-03_关于第一赛季区域公开赛-广州站赛后判例_1106492573155852293/判例文字.txt、2026-06-10_关于第三赛季区域公开赛-天津站赛后判例_1212165186176155648/判例文字.txt
提莫－军事家,提莫（军事家）,OGN-121,提莫,军事家,精确(名+副标题),有,1,39,11,2026-07-23_关于第三赛季全国公开赛赛后判例_1228145041509187608/判例文字.txt
提莫，军事家,提莫（军事家）,OGN-121,提莫,军事家,精确(名+副标题),有,1,39,3,2025-09-19_关于第一赛季区域公开赛-杭州站赛后判例_1114291471444344833/判例文字.txt
断魂一扼,断魂一扼,SFD-163,断魂一扼,,精确(名),有,1,123,1,2026-05-20_关于第三赛季区域公开赛-苏州站赛后判例_1204434245046501409/判例文字.txt
旅行商人,旅行商人,OGN-185,旅行商人,,精确(名),有,2,22、52,7,2025-11-13_关于第一赛季全国公开赛（上海）赛后判例_1134645362212995072/判例文字.txt
无极剑圣，入门,无极剑圣（入门）,OGS-019,无极剑圣,入门,精确(名+副标题),无,0,,1,2025-09-12_关于第一赛季区域公开赛-重庆站赛后判例_1111662951442415632/判例文字.txt
易，锋芒毕现,易（锋芒毕现）,OGS-009,易,锋芒毕现,精确(名+副标题),无,0,,1,2025-09-12_关于第一赛季区域公开赛-重庆站赛后判例_1111662951442415632/判例文字.txt
星界灵鹭,星界灵鹭,VEN-044,星界灵鹭,,精确(名),无,0,,15,2026-09-03_关于第四赛季区域公开赛「武汉站」赛后判例_1243800197284233235/判例文字.txt、2026-09-16_关于第四赛季区域公开赛「沈阳站」赛后判例_1248516146510954500/判例文字.txt
星芒凝汇,星芒凝汇,OGN-105,星芒凝汇,,精确(名),有,2,87、160,4,2025-09-03_关于第一赛季区域公开赛-广州站赛后判例_1106492573155852293/判例文字.txt
星落,星落,OGN-029,星落,,精确(名),有,1,121,3,2025-09-03_关于第一赛季区域公开赛-广州站赛后判例_1106492573155852293/判例文字.txt
映像,映像,UNL-T06,映像,,精确(名),有,3,102、103、111,7,2026-07-23_关于第三赛季全国公开赛赛后判例_1228145041509187608/判例文字.txt
暗刃,暗刃,OGN-213,暗刃,,精确(名),有,4,49、56、62、218,4,2025-09-03_关于第一赛季区域公开赛-广州站赛后判例_1106492573155852293/判例文字.txt
月之降临,月之降临,UNL-198,月之降临,,精确(名),无,0,,3,2026-05-20_关于第三赛季区域公开赛-苏州站赛后判例_1204434245046501409/判例文字.txt
月惟祭坛,月帷祭坛,SFD-221,月帷祭坛,,模糊(距1),无,0,,5,2026-02-04_关于第二赛季区域公开赛-大连站赛后判例_1165431670649651201/判例文字.txt
月蚀,月蚀,UNL-063,月蚀,,精确(名),无,0,,2,2026-09-16_关于第四赛季区域公开赛「沈阳站」赛后判例_1248516146510954500/判例文字.txt
未来熔炉,未来熔炉,OGN-212,未来熔炉,,精确(名),无,0,,3,2025-09-03_关于第一赛季区域公开赛-广州站赛后判例_1106492573155852293/判例文字.txt、2025-11-13_关于第一赛季全国公开赛（上海）赛后判例_1134645362212995072/判例文字.txt
残酷复活,残酷复活,UNL-142,残酷复活,,精确(名),有,2,106、107,1,2026-05-20_关于第三赛季区域公开赛-苏州站赛后判例_1204434245046501409/判例文字.txt
沃利贝尔，雄浑巨力,沃利贝尔（雄浑巨力）,OGN-158,沃利贝尔,雄浑巨力,精确(名+副标题),无,0,,4,2025-09-05_关于第一赛季区域公开赛-北京站赛后判例_1108988045816758312/判例文字.txt
派克－深,派克（深渊再临）,UNL-145,派克,深渊再临,前缀匹配(副标题),无,0,,1,2026-09-16_关于第四赛季区域公开赛「沈阳站」赛后判例_1248516146510954500/判例文字.txt
派克-深渊再临,派克（深渊再临）,UNL-145,派克,深渊再临,精确(名+副标题),无,0,,4,2026-06-17_关于第三赛季区域公开赛-长沙站赛后判例_1214778244239196213/判例文字.txt、2026-09-16_关于第四赛季区域公开赛「沈阳站」赛后判例_1248516146510954500/判例文字.txt
流星疗泉,流星疗泉,UNL-215,流星疗泉,,精确(名),无,0,,8,2026-07-23_关于第三赛季全国公开赛赛后判例_1228145041509187608/判例文字.txt
海兽钓钩,海兽钓钩,OGN-242,海兽钓钩,,精确(名),有,2,111、204,3,2026-05-20_关于第三赛季区域公开赛-苏州站赛后判例_1204434245046501409/判例文字.txt
涌泉,涌泉之恨,UNL-186,涌泉之恨,,精确(名字前缀),无,0,,1,2026-05-27_关于第三赛季区域公开赛-西安站赛后判例_1207047303099056151/判例文字.txt
涌泉之恨,涌泉之恨,UNL-186,涌泉之恨,,精确(名),无,0,,1,2026-05-27_关于第三赛季区域公开赛-西安站赛后判例_1207047303099056151/判例文字.txt
清理门户,清理门户,OGN-209,清理门户,,精确(名),有,2,32、136,9,2025-09-03_关于第一赛季区域公开赛-广州站赛后判例_1106492573155852293/判例文字.txt、2026-06-17_关于第三赛季区域公开赛-长沙站赛后判例_1214778244239196213/判例文字.txt
清算人竞技场,清算人竞技场,OGN-286,清算人竞技场,,精确(名),有,1,157,3,2026-01-21_关于第二赛季区域公开赛-福州站赛后判例_1160282840232886273/判例文字.txt
灵魂折镜,灵魂折镜,VEN-152,灵魂折镜,,精确(名),无,0,,2,2026-09-16_关于第四赛季区域公开赛「沈阳站」赛后判例_1248516146510954500/判例文字.txt
烈阳徽记,烈阳徽记,OGN-227,烈阳徽记,,精确(名),无,0,,2,2025-09-03_关于第一赛季区域公开赛-广州站赛后判例_1106492573155852293/判例文字.txt
烟幕弹,烟幕弹,OGN-093,烟幕弹,,精确(名),无,0,,1,2025-09-03_关于第一赛季区域公开赛-广州站赛后判例_1106492573155852293/判例文字.txt
爆裂球果仙灵,爆裂球果仙灵,OGN-097,爆裂球果仙灵,,精确(名),有,1,61,1,2025-09-03_关于第一赛季区域公开赛-广州站赛后判例_1106492573155852293/判例文字.txt
牲,牺牲,UNL-173,牺牲,,精确(单字包含),无,0,,1,2026-05-20_关于第三赛季区域公开赛-苏州站赛后判例_1204434245046501409/判例文字.txt
牺牲,牺牲,UNL-173,牺牲,,精确(名),无,0,,2,2026-05-20_关于第三赛季区域公开赛-苏州站赛后判例_1204434245046501409/判例文字.txt
狂热粉丝,狂热粉丝,SFD-128,狂热粉丝,,精确(名),有,1,90,8,2026-01-21_关于第二赛季区域公开赛-福州站赛后判例_1160282840232886273/判例文字.txt
狂风绝息斩,狂风绝息斩,OGN-260,狂风绝息斩,,精确(名),无,0,,1,2025-09-03_关于第一赛季区域公开赛-广州站赛后判例_1106492573155852293/判例文字.txt
猛龙摆尾,猛龙摆尾,OGN-258,猛龙摆尾,,精确(名),有,1,18,4,2025-09-03_关于第一赛季区域公开赛-广州站赛后判例_1106492573155852293/判例文字.txt、2026-05-27_关于第三赛季区域公开赛-西安站赛后判例_1207047303099056151/判例文字.txt
瑟提，铁拳,瑟提（铁拳）,OGN-164,瑟提,铁拳,精确(名+副标题),无,0,,1,2025-09-03_关于第一赛季区域公开赛-广州站赛后判例_1106492573155852293/判例文字.txt
皮城学院,皮城学院,UNL-216,皮城学院,,精确(名),无,0,,2,2026-05-27_关于第三赛季区域公开赛-西安站赛后判例_1207047303099056151/判例文字.txt
祖安地沟,祖安地沟,OGN-298,祖安地沟,,精确(名),有,1,47,4,2025-09-03_关于第一赛季区域公开赛-广州站赛后判例_1106492573155852293/判例文字.txt
禁忌荒原,禁忌荒原,UNL-210,禁忌荒原,,精确(名),无,0,,4,2026-07-23_关于第三赛季全国公开赛赛后判例_1228145041509187608/判例文字.txt
精灵,精灵,OGN-274、UNL-T07,精灵,,精确(名),无,0,,2,2025-09-03_关于第一赛季区域公开赛-广州站赛后判例_1106492573155852293/判例文字.txt
织魂者,织魂者,VEN-123,织魂者,,精确(名),无,0,,4,2026-07-23_关于第三赛季全国公开赛赛后判例_1228145041509187608/判例文字.txt
"维克托,奥术先驱",奥术先驱,FND-265、OGN-265,奥术先驱,,拆解(后缀成卡·黏连),无,0,,1,2025-09-03_关于第一赛季区域公开赛-广州站赛后判例_1106492573155852293/判例文字.txt
维克托，奥术先驱,奥术先驱,FND-265、OGN-265,奥术先驱,,拆解(后缀成卡·黏连),无,0,,1,2025-09-03_关于第一赛季区域公开赛-广州站赛后判例_1106492573155852293/判例文字.txt
罡风,罡风,OGN-169,罡风,,精确(名),有,4,50、58、65、169,14,2026-01-29_关于第二赛季区域公开赛-成都站赛后判例_1163166481226137616/判例文字.txt、2026-05-20_关于第三赛季区域公开赛-苏州站赛后判例_1204434245046501409/判例文字.txt、2026-06-10_关于第三赛季区域公开赛-天津站赛后判例_1212165186176155648/判例文字.txt、2026-07-23_关于第三赛季全国公开赛赛后判例_1228145041509187608/判例文字.txt、2026-09-03_关于第四赛季区域公开赛「武汉站」赛后判例_1243800197284233235/判例文字.txt
罪,罪恶快感,OGN-008,罪恶快感,,精确(单字包含),无,0,,1,2026-02-12_关于第二赛季区域公开赛-南京站赛后判例_1168377215052677145/判例文字.txt
罪恶快感,罪恶快感,OGN-008,罪恶快感,,精确(名),无,0,,4,2026-02-12_关于第二赛季区域公开赛-南京站赛后判例_1168377215052677145/判例文字.txt
背水一战,背水一战,OGN-069,背水一战,,精确(名),无,0,,3,2025-11-13_关于第一赛季全国公开赛（上海）赛后判例_1134645362212995072/判例文字.txt
艾克，溯时洄光,艾克（溯时洄光）,OGN-110,艾克,溯时洄光,精确(名+副标题),无,0,,2,2025-09-12_关于第一赛季区域公开赛-重庆站赛后判例_1111662951442415632/判例文字.txt
艾卡西亚暴雨,艾卡西亚暴雨,OGN-248,艾卡西亚暴雨,,精确(名),有,1,122,5,2025-09-03_关于第一赛季区域公开赛-广州站赛后判例_1106492573155852293/判例文字.txt
苍炎守护者,苍炎守护者,OGN-082,苍炎守护者,,精确(名),无,0,,15,2025-09-12_关于第一赛季区域公开赛-重庆站赛后判例_1111662951442415632/判例文字.txt、2025-09-19_关于第一赛季区域公开赛-杭州站赛后判例_1114291471444344833/判例文字.txt、2025-11-13_关于第一赛季全国公开赛（上海）赛后判例_1134645362212995072/判例文字.txt
荣耀行刑官,荣耀行刑官,SFD-185,荣耀行刑官,,精确(名),无,0,,3,2026-01-21_关于第二赛季区域公开赛-福州站赛后判例_1160282840232886273/判例文字.txt
莱卓斯指挥官,莱卓斯指挥官,OGN-231,莱卓斯指挥官,,精确(名),无,0,,2,2026-05-20_关于第三赛季区域公开赛-苏州站赛后判例_1204434245046501409/判例文字.txt
蔑视,蔑视,OGN-045,蔑视,,精确(名),有,3,8、44、183,1,2025-09-03_关于第一赛季区域公开赛-广州站赛后判例_1106492573155852293/判例文字.txt
蕾欧娜-炽诚者,蕾欧娜（炽诚者）,OGN-238,蕾欧娜,炽诚者,精确(名+副标题),无,0,,2,2026-06-10_关于第三赛季区域公开赛-天津站赛后判例_1212165186176155648/判例文字.txt
蕾欧娜，曙光女神,曙光女神,OGN-261,曙光女神,,拆解(后缀成卡·黏连),无,0,,2,2025-09-03_关于第一赛季区域公开赛-广州站赛后判例_1106492573155852293/判例文字.txt
薇古丝-冷眼旁观,薇古丝（冷眼旁观）,UNL-150,薇古丝,冷眼旁观,精确(名+副标题),有,1,110,1,2026-06-10_关于第三赛季区域公开赛-天津站赛后判例_1212165186176155648/判例文字.txt
薇古丝－冷眼旁观,薇古丝（冷眼旁观）,UNL-150,薇古丝,冷眼旁观,精确(名+副标题),有,1,110,1,2026-05-27_关于第三赛季区域公开赛-西安站赛后判例_1207047303099056151/判例文字.txt
薇古丝-郁,薇古丝（郁郁）,SFD-146,薇古丝,郁郁,前缀匹配(副标题),有,2,94、184,1,2026-06-17_关于第三赛季区域公开赛-长沙站赛后判例_1214778244239196213/判例文字.txt
薇古丝-郁郁,薇古丝（郁郁）,SFD-146,薇古丝,郁郁,精确(名+副标题),有,2,94、184,3,2026-06-17_关于第三赛季区域公开赛-长沙站赛后判例_1214778244239196213/判例文字.txt
薇古丝-郁郁获得进攻,薇古丝（郁郁）,SFD-146,薇古丝,郁郁,前缀截取[薇古丝-郁郁]·精确(名+副标题),有,2,94、184,1,2026-06-17_关于第三赛季区域公开赛-长沙站赛后判例_1214778244239196213/判例文字.txt
虚空索敌,虚空索敌,OGN-024,虚空索敌,,精确(名),无,0,,5,2025-09-03_关于第一赛季区域公开赛-广州站赛后判例_1106492573155852293/判例文字.txt、2026-02-12_关于第二赛季区域公开赛-南京站赛后判例_1168377215052677145/判例文字.txt
虚空遁地兽,虚空遁地兽,SFD-187,虚空遁地兽,,精确(名),有,1,170,1,2026-02-12_关于第二赛季区域公开赛-南京站赛后判例_1168377215052677145/判例文字.txt
裂魂者喇煞,裂魂者喇煞,OGN-195,裂魂者喇煞,,精确(名),有,1,106,3,2026-02-04_关于第二赛季区域公开赛-大连站赛后判例_1165431670649651201/判例文字.txt
训练有素,训练有素,OGN-058,训练有素,,精确(名),有,2,55、80,2,2026-09-03_关于第四赛季区域公开赛「武汉站」赛后判例_1243800197284233235/判例文字.txt
警觉的哨兵,警觉的哨兵,OGN-096,警觉的哨兵,,精确(名),有,1,102,2,2025-09-12_关于第一赛季区域公开赛-重庆站赛后判例_1111662951442415632/判例文字.txt
责退,责退,OGN-172,责退,,精确(名),有,1,169,4,2026-09-03_关于第四赛季区域公开赛「武汉站」赛后判例_1243800197284233235/判例文字.txt
超究极死神飞弹!,超究极死神飞弹！,OGN-252,超究极死神飞弹！,,精确(名),无,0,,1,2025-09-03_关于第一赛季区域公开赛-广州站赛后判例_1106492573155852293/判例文字.txt
超究极死神飞弹！,超究极死神飞弹！,OGN-252,超究极死神飞弹！,,精确(名),无,0,,2,2025-09-03_关于第一赛季区域公开赛-广州站赛后判例_1106492573155852293/判例文字.txt
迅捷,迅捷蟹,UNL-053,迅捷蟹,,模糊(距1),无,0,,1,2026-09-16_关于第四赛季区域公开赛「沈阳站」赛后判例_1248516146510954500/判例文字.txt
迅捷蟹,迅捷蟹,UNL-053,迅捷蟹,,精确(名),无,0,,10,2026-07-23_关于第三赛季全国公开赛赛后判例_1228145041509187608/判例文字.txt、2026-09-16_关于第四赛季区域公开赛「沈阳站」赛后判例_1248516146510954500/判例文字.txt
远见,远见面具,OGN-060,远见面具,,精确(名字前缀),有,1,73,1,2026-07-23_关于第三赛季全国公开赛赛后判例_1228145041509187608/判例文字.txt
远见面具,远见面具,OGN-060,远见面具,,精确(名),有,1,73,3,2026-07-23_关于第三赛季全国公开赛赛后判例_1228145041509187608/判例文字.txt
造化弄人,造化弄人,UNL-128,造化弄人,,精确(名),无,0,,2,2026-07-23_关于第三赛季全国公开赛赛后判例_1228145041509187608/判例文字.txt
遗弃,遗弃,UNL-131,遗弃,,精确(名),有,1,112,2,2026-05-27_关于第三赛季区域公开赛-西安站赛后判例_1207047303099056151/判例文字.txt
金克丝，暴走萝莉,暴走萝莉,FND-251、OGN-251,暴走萝莉,,拆解(后缀成卡·黏连),有,1,79,1,2025-09-03_关于第一赛季区域公开赛-广州站赛后判例_1106492573155852293/判例文字.txt
金币,金币,SFD-T03、UNL-T05、VEN-T02,金币,,精确(名),无,0,,3,2026-02-04_关于第二赛季区域公开赛-大连站赛后判例_1165431670649651201/判例文字.txt
铁甲先锋,铁甲先锋,SFD-021,铁甲先锋,,精确(名),无,0,,1,2026-03-27_关于第二赛季全国公开赛赛后判例_1184426593019232338/判例文字.txt
长,长剑,SFD-022,长剑,,跨行续接·精确(名),有,2,147、154,1,2026-02-12_关于第二赛季区域公开赛-南京站赛后判例_1168377215052677145/判例文字.txt
长剑,长剑,SFD-022,长剑,,精确(名),有,2,147、154,5,2026-02-12_关于第二赛季区域公开赛-南京站赛后判例_1168377215052677145/判例文字.txt
闪现,闪现,OGS-011,闪现,,精确(名),有,2,62、206,5,2025-09-03_关于第一赛季区域公开赛-广州站赛后判例_1106492573155852293/判例文字.txt、2026-02-12_关于第二赛季区域公开赛-南京站赛后判例_1168377215052677145/判例文字.txt、2026-09-03_关于第四赛季区域公开赛「武汉站」赛后判例_1243800197284233235/判例文字.txt
闪耀极光,闪耀极光,OGN-160,闪耀极光,,精确(名),有,4,21、29、48、208,18,2025-09-03_关于第一赛季区域公开赛-广州站赛后判例_1106492573155852293/判例文字.txt、2025-09-19_关于第一赛季区域公开赛-杭州站赛后判例_1114291471444344833/判例文字.txt、2025-11-13_关于第一赛季全国公开赛（上海）赛后判例_1134645362212995072/判例文字.txt、2026-05-27_关于第三赛季区域公开赛-西安站赛后判例_1207047303099056151/判例文字.txt
阿克尚,阿克尚（放浪不羁）,SFD-109,阿克尚,放浪不羁,精确(名),有,3,144、187、208,10,2026-02-12_关于第二赛季区域公开赛-南京站赛后判例_1168377215052677145/判例文字.txt
阿克尚，放浪不羁,阿克尚（放浪不羁）,SFD-109,阿克尚,放浪不羁,精确(名+副标题),有,3,144、187、208,1,2026-02-12_关于第二赛季区域公开赛-南京站赛后判例_1168377215052677145/判例文字.txt
阿兹尔,阿兹尔（帝君）,SFD-177,阿兹尔,帝君,精确(名·上下文定副标题),有,1,161,6,2026-03-27_关于第二赛季全国公开赛赛后判例_1184426593019232338/判例文字.txt
阿兹尔-帝君,阿兹尔（帝君）,SFD-177,阿兹尔,帝君,精确(名+副标题),有,1,161,1,2026-03-27_关于第二赛季全国公开赛赛后判例_1184426593019232338/判例文字.txt
阿兹尔－帝君,阿兹尔（帝君）,SFD-177,阿兹尔,帝君,精确(名+副标题),有,1,161,1,2026-03-27_关于第二赛季全国公开赛赛后判例_1184426593019232338/判例文字.txt
阿兹尔-飞,阿兹尔（飞升者）,SFD-050,阿兹尔,飞升者,前缀匹配(副标题),有,2,201、215,1,2026-01-29_关于第二赛季区域公开赛-成都站赛后判例_1163166481226137616/判例文字.txt
阿兹尔-飞升者,阿兹尔（飞升者）,SFD-050,阿兹尔,飞升者,精确(名+副标题),有,2,201、215,1,2026-01-29_关于第二赛季区域公开赛-成都站赛后判例_1163166481226137616/判例文字.txt
阿瑞昂的陨落,阿瑞昂的陨落,SFD-030,阿瑞昂的陨落,,精确(名),有,1,158,3,2026-01-21_关于第二赛季区域公开赛-福州站赛后判例_1160282840232886273/判例文字.txt
随从,随从,VEN-T04,随从,,精确(名),无,0,,2,2026-01-29_关于第二赛季区域公开赛-成都站赛后判例_1163166481226137616/判例文字.txt
随从(祖安),随从（祖安）,OGN-273,随从（祖安）,,精确(名),无,0,,1,2026-01-21_关于第二赛季区域公开赛-福州站赛后判例_1160282840232886273/判例文字.txt
随从（祖安）,随从（祖安）,OGN-273,随从（祖安）,,精确(名),无,0,,1,2026-01-21_关于第二赛季区域公开赛-福州站赛后判例_1160282840232886273/判例文字.txt
雷恩加尔,雷恩加尔（异兽猎手）,UNL-120,雷恩加尔,异兽猎手,精确(名·上下文定副标题),无,0,,1,2026-09-03_关于第四赛季区域公开赛「武汉站」赛后判例_1243800197284233235/判例文字.txt
雷恩加尔-异兽猎手,雷恩加尔（异兽猎手）,UNL-120,雷恩加尔,异兽猎手,精确(名+副标题),无,0,,2,2026-06-10_关于第三赛季区域公开赛-天津站赛后判例_1212165186176155648/判例文字.txt
雷恩加尔－异兽猎手,雷恩加尔（异兽猎手）,UNL-120,雷恩加尔,异兽猎手,精确(名+副标题),无,0,,3,2026-07-23_关于第三赛季全国公开赛赛后判例_1228145041509187608/判例文字.txt、2026-09-03_关于第四赛季区域公开赛「武汉站」赛后判例_1243800197284233235/判例文字.txt
雷恩加尔-异兽猎手、蕾欧娜-炽诚者,雷恩加尔（异兽猎手）、蕾欧娜（炽诚者）,OGN-238、UNL-120,蕾欧娜、雷恩加尔,炽诚者、异兽猎手,精确(名+副标题),无,0,,1,2026-06-10_关于第三赛季区域公开赛-天津站赛后判例_1212165186176155648/判例文字.txt
雷恩加尔-异兽猎手会征服战场。,雷恩加尔（异兽猎手）,UNL-120,雷恩加尔,异兽猎手,前缀截取[雷恩加尔-异兽猎手]·精确(名+副标题),无,0,,1,2026-06-10_关于第三赛季区域公开赛-天津站赛后判例_1212165186176155648/判例文字.txt
顺劈,顺劈,OGN-004,顺劈,,精确(名),有,2,162、214,3,2025-09-03_关于第一赛季区域公开赛-广州站赛后判例_1106492573155852293/判例文字.txt
预判攻势,预判攻势,SFD-122,预判攻势,,精确(名),无,0,,4,2026-02-04_关于第二赛季区域公开赛-大连站赛后判例_1165431670649651201/判例文字.txt
风之障壁,风之障壁,OGN-064,风之障壁,,精确(名),无,0,,1,2025-09-03_关于第一赛季区域公开赛-广州站赛后判例_1106492573155852293/判例文字.txt
食肉蛇藤,食肉蛇藤,OGN-149,食肉蛇藤,,精确(名),有,1,55,3,2025-09-03_关于第一赛季区域公开赛-广州站赛后判例_1106492573155852293/判例文字.txt
驭风而行,驭风而行,OGN-173,驭风而行,,精确(名),有,2,31、173,7,2026-01-21_关于第二赛季区域公开赛-福州站赛后判例_1160282840232886273/判例文字.txt、2026-06-10_关于第三赛季区域公开赛-天津站赛后判例_1212165186176155648/判例文字.txt、2026-06-17_关于第三赛季区域公开赛-长沙站赛后判例_1214778244239196213/判例文字.txt
魅惑妖术,魅惑妖术,OGN-043,魅惑妖术,,精确(名),有,2,13、63,1,2026-06-10_关于第三赛季区域公开赛-天津站赛后判例_1212165186176155648/判例文字.txt
黄沙士兵,黄沙士兵,SFD-T02,黄沙士兵,,精确(名),无,0,,6,2026-01-29_关于第二赛季区域公开赛-成都站赛后判例_1163166481226137616/判例文字.txt、2026-03-27_关于第二赛季全国公开赛赛后判例_1184426593019232338/判例文字.txt
黛安娜-月化身,黛安娜（皎月化身）,UNL-079,黛安娜,皎月化身,模糊(距1),无,0,,1,2026-06-10_关于第三赛季区域公开赛-天津站赛后判例_1212165186176155648/判例文字.txt
黛安娜-皎月,黛安娜（皎月化身）,UNL-079,黛安娜,皎月化身,前缀匹配(副标题),无,0,,1,2026-06-10_关于第三赛季区域公开赛-天津站赛后判例_1212165186176155648/判例文字.txt
黛安娜-皎月化,黛安娜（皎月化身）,UNL-079,黛安娜,皎月化身,前缀匹配(副标题),无,0,,1,2026-06-10_关于第三赛季区域公开赛-天津站赛后判例_1212165186176155648/判例文字.txt
黛安娜-皎月化身,黛安娜（皎月化身）,UNL-079,黛安娜,皎月化身,精确(名+副标题),无,0,,7,2026-06-10_关于第三赛季区域公开赛-天津站赛后判例_1212165186176155648/判例文字.txt
