1106492573155852293	02.jpg	0.644	【寞想】
1106492573155852293	02.jpg	0.467	·
1106492573155852293	04.jpg	0.617	A:会。
1106492573155852293	05.jpg	0.617	m BIAMEs.
1106492573155852293	06.jpg	0.593	A 可以。
1106492573155852293	06.jpg	0.625	m BIAMEs.
1106492573155852293	07.jpg	0.605	m BIAMEs.
1108988045816758312	01.jpg	0.618	符文战场
1108988045816758312	01.jpg	0.648	北京
1108988045816758312	01.jpg	0.595	2.
1108988045816758312	01.jpg	0.645	5.
1108988045816758312	02.jpg	0.587	m BIAMEs.
1111662951442415632	01.jpg	0.500	重庆
1111662951442415632	01.jpg	0.482	2.
1111662951442415632	01.jpg	0.453	1.
1111662951442415632	01.jpg	0.623	m BIAMES
1114291471444344833	01.jpg	0.618	符文战场
1114291471444344833	01.jpg	0.556	广杭州
1114291471444344833	01.jpg	0.605	m BIAMEs.
1160282840232886273	01.jpg	0.624	四RIOT
1160282840232886273	02.jpg	0.558	m RIOT.
1160282840232886273	03.jpg	0.633	发吗?
1160282840232886273	03.jpg	0.519	发吗？
1160282840232886273	03.jpg	0.560	m ROT
1165431670649651201	01.jpg	0.588	m BAMEs'
1165431670649651201	02.png	0.640	费用？
1165431670649651201	02.png	0.627	戏区域?
1165431670649651201	02.png	0.618	m RIOT
1165431670649651201	02.png	0.644	闪魂
1165431670649651201	03.jpg	0.609	mRIOT
1177978964457553924	01.png	0.635	铸炼
1184426593019232338	01.jpg	0.574	MBIAMES
1184426593019232338	02.jpg	0.573	MBIAMES
1204434245046501409	01.jpg	0.647	1：（月之降临】
1204434245046501409	02.jpg	0.591	闪魂
1204434245046501409	03.jpg	0.535	闪魂
1207047303099056151	01.jpg	0.609	结算?
1207047303099056151	02.jpg	0.545	闪魂
1228145041509187608	01.jpg	0.415	10 W
1248516146510954500	01.jpg	0.649	而BAMES’闪魂
