Opus ID,图片,文字行数,平均置信度,最低置信度,识别耗时(秒),文本文件
1106492573155852293,01.jpg,42,0.863,0.666,11.28,2025-09-03_关于第一赛季区域公开赛-广州站赛后判例_1106492573155852293/判例文字.txt
1106492573155852293,02.jpg,37,0.828,0.467,7.55,2025-09-03_关于第一赛季区域公开赛-广州站赛后判例_1106492573155852293/判例文字.txt
1106492573155852293,03.jpg,32,0.852,0.666,5.80,2025-09-03_关于第一赛季区域公开赛-广州站赛后判例_1106492573155852293/判例文字.txt
1106492573155852293,04.jpg,35,0.835,0.617,7.09,2025-09-03_关于第一赛季区域公开赛-广州站赛后判例_1106492573155852293/判例文字.txt
1106492573155852293,05.jpg,38,0.840,0.617,6.43,2025-09-03_关于第一赛季区域公开赛-广州站赛后判例_1106492573155852293/判例文字.txt
1106492573155852293,06.jpg,37,0.817,0.593,7.61,2025-09-03_关于第一赛季区域公开赛-广州站赛后判例_1106492573155852293/判例文字.txt
1106492573155852293,07.jpg,36,0.828,0.605,6.84,2025-09-03_关于第一赛季区域公开赛-广州站赛后判例_1106492573155852293/判例文字.txt
1108988045816758312,01.jpg,37,0.830,0.595,8.27,2025-09-05_关于第一赛季区域公开赛-北京站赛后判例_1108988045816758312/判例文字.txt
1108988045816758312,02.jpg,37,0.829,0.587,6.97,2025-09-05_关于第一赛季区域公开赛-北京站赛后判例_1108988045816758312/判例文字.txt
1111662951442415632,01.jpg,40,0.834,0.453,10.87,2025-09-12_关于第一赛季区域公开赛-重庆站赛后判例_1111662951442415632/判例文字.txt
1114291471444344833,01.jpg,38,0.846,0.556,8.79,2025-09-19_关于第一赛季区域公开赛-杭州站赛后判例_1114291471444344833/判例文字.txt
1134645362212995072,01.jpg,20,0.865,0.700,6.53,2025-11-13_关于第一赛季全国公开赛（上海）赛后判例_1134645362212995072/判例文字.txt
1134645362212995072,02.jpg,35,0.880,0.699,10.48,2025-11-13_关于第一赛季全国公开赛（上海）赛后判例_1134645362212995072/判例文字.txt
1134645362212995072,03.jpg,31,0.878,0.670,7.84,2025-11-13_关于第一赛季全国公开赛（上海）赛后判例_1134645362212995072/判例文字.txt
1160282840232886273,01.jpg,30,0.829,0.624,5.28,2026-01-21_关于第二赛季区域公开赛-福州站赛后判例_1160282840232886273/判例文字.txt
1160282840232886273,02.jpg,28,0.838,0.558,5.77,2026-01-21_关于第二赛季区域公开赛-福州站赛后判例_1160282840232886273/判例文字.txt
1160282840232886273,03.jpg,28,0.816,0.519,5.26,2026-01-21_关于第二赛季区域公开赛-福州站赛后判例_1160282840232886273/判例文字.txt
1160282840232886273,04.jpg,22,0.832,0.666,3.50,2026-01-21_关于第二赛季区域公开赛-福州站赛后判例_1160282840232886273/判例文字.txt
1163166481226137616,01.jpg,28,0.827,0.666,5.13,2026-01-29_关于第二赛季区域公开赛-成都站赛后判例_1163166481226137616/判例文字.txt
1163166481226137616,02.jpg,20,0.838,0.667,3.37,2026-01-29_关于第二赛季区域公开赛-成都站赛后判例_1163166481226137616/判例文字.txt
1165431670649651201,01.jpg,31,0.833,0.588,5.41,2026-02-04_关于第二赛季区域公开赛-大连站赛后判例_1165431670649651201/判例文字.txt
1165431670649651201,02.png,33,0.823,0.618,6.52,2026-02-04_关于第二赛季区域公开赛-大连站赛后判例_1165431670649651201/判例文字.txt
1165431670649651201,03.jpg,30,0.840,0.609,5.93,2026-02-04_关于第二赛季区域公开赛-大连站赛后判例_1165431670649651201/判例文字.txt
1168377215052677145,01.jpg,28,0.839,0.652,5.85,2026-02-12_关于第二赛季区域公开赛-南京站赛后判例_1168377215052677145/判例文字.txt
1168377215052677145,02.jpg,20,0.830,0.667,3.23,2026-02-12_关于第二赛季区域公开赛-南京站赛后判例_1168377215052677145/判例文字.txt
1177978964457553924,01.png,32,0.896,0.635,11.47,2026-03-10_符文战场关于规则更新和禁卡规划的说明_1177978964457553924/判例文字.txt
1184426593019232338,01.jpg,22,0.841,0.574,4.43,2026-03-27_关于第二赛季全国公开赛赛后判例_1184426593019232338/判例文字.txt
1184426593019232338,02.jpg,29,0.868,0.573,7.36,2026-03-27_关于第二赛季全国公开赛赛后判例_1184426593019232338/判例文字.txt
1204434245046501409,01.jpg,29,0.827,0.647,5.61,2026-05-20_关于第三赛季区域公开赛-苏州站赛后判例_1204434245046501409/判例文字.txt
1204434245046501409,02.jpg,31,0.825,0.591,5.60,2026-05-20_关于第三赛季区域公开赛-苏州站赛后判例_1204434245046501409/判例文字.txt
1204434245046501409,03.jpg,28,0.832,0.535,5.30,2026-05-20_关于第三赛季区域公开赛-苏州站赛后判例_1204434245046501409/判例文字.txt
1207047303099056151,01.jpg,32,0.812,0.609,6.28,2026-05-27_关于第三赛季区域公开赛-西安站赛后判例_1207047303099056151/判例文字.txt
1207047303099056151,02.jpg,25,0.818,0.545,3.77,2026-05-27_关于第三赛季区域公开赛-西安站赛后判例_1207047303099056151/判例文字.txt
1212165186176155648,01.jpg,28,0.820,0.666,4.69,2026-06-10_关于第三赛季区域公开赛-天津站赛后判例_1212165186176155648/判例文字.txt
1212165186176155648,02.jpg,29,0.846,0.666,6.27,2026-06-10_关于第三赛季区域公开赛-天津站赛后判例_1212165186176155648/判例文字.txt
1214778244239196213,01.jpg,32,0.847,0.666,6.01,2026-06-17_关于第三赛季区域公开赛-长沙站赛后判例_1214778244239196213/判例文字.txt
1228145041509187608,01.jpg,27,0.858,0.415,7.56,2026-07-23_关于第三赛季全国公开赛赛后判例_1228145041509187608/判例文字.txt
1228145041509187608,02.jpg,27,0.858,0.666,7.80,2026-07-23_关于第三赛季全国公开赛赛后判例_1228145041509187608/判例文字.txt
1243800197284233235,01.png,27,0.854,0.665,5.72,2026-09-03_关于第四赛季区域公开赛「武汉站」赛后判例_1243800197284233235/判例文字.txt
1243800197284233235,02.png,23,0.860,0.670,5.97,2026-09-03_关于第四赛季区域公开赛「武汉站」赛后判例_1243800197284233235/判例文字.txt
1248516146510954500,01.jpg,27,0.868,0.649,10.25,2026-09-16_关于第四赛季区域公开赛「沈阳站」赛后判例_1248516146510954500/判例文字.txt
1248516146510954500,02.jpg,21,0.844,0.675,6.08,2026-09-16_关于第四赛季区域公开赛「沈阳站」赛后判例_1248516146510954500/判例文字.txt
