1106492573155852293	https://www.bilibili.com/opus/1106492573155852293	https://i0.hdslb.com/bfs/new_dyn/c7b013376f149823995d2e09972cfb1b3546795158276766.jpg	/home/TianYue/Documents/zhoubao-fuwendangan/赛后判例_图片/2025-09-03_关于第一赛季区域公开赛-广州站赛后判例_1106492573155852293/01.jpg
1106492573155852293	https://www.bilibili.com/opus/1106492573155852293	https://i0.hdslb.com/bfs/new_dyn/954180183ee0ea861af77fe69daa0b083546795158276766.jpg	/home/TianYue/Documents/zhoubao-fuwendangan/赛后判例_图片/2025-09-03_关于第一赛季区域公开赛-广州站赛后判例_1106492573155852293/02.jpg
1106492573155852293	https://www.bilibili.com/opus/1106492573155852293	https://i0.hdslb.com/bfs/new_dyn/43fe97f62b938b58c8cf07b86f959c533546795158276766.jpg	/home/TianYue/Documents/zhoubao-fuwendangan/赛后判例_图片/2025-09-03_关于第一赛季区域公开赛-广州站赛后判例_1106492573155852293/03.jpg
1106492573155852293	https://www.bilibili.com/opus/1106492573155852293	https://i0.hdslb.com/bfs/new_dyn/dcfb8a2df0ba20441039c2ec1219560a3546795158276766.jpg	/home/TianYue/Documents/zhoubao-fuwendangan/赛后判例_图片/2025-09-03_关于第一赛季区域公开赛-广州站赛后判例_1106492573155852293/04.jpg
1106492573155852293	https://www.bilibili.com/opus/1106492573155852293	https://i0.hdslb.com/bfs/new_dyn/1d6f8c0c2466231c153e7f081b3435033546795158276766.jpg	/home/TianYue/Documents/zhoubao-fuwendangan/赛后判例_图片/2025-09-03_关于第一赛季区域公开赛-广州站赛后判例_1106492573155852293/05.jpg
1106492573155852293	https://www.bilibili.com/opus/1106492573155852293	https://i0.hdslb.com/bfs/new_dyn/c3ed9e9828599a5d3f71c088c1dacac03546795158276766.jpg	/home/TianYue/Documents/zhoubao-fuwendangan/赛后判例_图片/2025-09-03_关于第一赛季区域公开赛-广州站赛后判例_1106492573155852293/06.jpg
1106492573155852293	https://www.bilibili.com/opus/1106492573155852293	https://i0.hdslb.com/bfs/new_dyn/4371aae13bb1defc0987671bbb771d5e3546795158276766.jpg	/home/TianYue/Documents/zhoubao-fuwendangan/赛后判例_图片/2025-09-03_关于第一赛季区域公开赛-广州站赛后判例_1106492573155852293/07.jpg
1108988045816758312	https://www.bilibili.com/opus/1108988045816758312	https://i0.hdslb.com/bfs/new_dyn/4b667d1531de26d2135f1bf116752d473546795158276766.jpg	/home/TianYue/Documents/zhoubao-fuwendangan/赛后判例_图片/2025-09-05_关于第一赛季区域公开赛-北京站赛后判例_1108988045816758312/01.jpg
1108988045816758312	https://www.bilibili.com/opus/1108988045816758312	https://i0.hdslb.com/bfs/new_dyn/5fcaf48463d03aa70c86668513820f5b3546795158276766.jpg	/home/TianYue/Documents/zhoubao-fuwendangan/赛后判例_图片/2025-09-05_关于第一赛季区域公开赛-北京站赛后判例_1108988045816758312/02.jpg
1111662951442415632	https://www.bilibili.com/opus/1111662951442415632	https://i0.hdslb.com/bfs/new_dyn/1b7b6ef191e09ee35784dc64919df6d43546795158276766.jpg	/home/TianYue/Documents/zhoubao-fuwendangan/赛后判例_图片/2025-09-12_关于第一赛季区域公开赛-重庆站赛后判例_1111662951442415632/01.jpg
1114291471444344833	https://www.bilibili.com/opus/1114291471444344833	https://i0.hdslb.com/bfs/new_dyn/012c97b012288ccb1efa108dd4d34c203546795158276766.jpg	/home/TianYue/Documents/zhoubao-fuwendangan/赛后判例_图片/2025-09-19_关于第一赛季区域公开赛-杭州站赛后判例_1114291471444344833/01.jpg
1134645362212995072	https://www.bilibili.com/opus/1134645362212995072	https://i0.hdslb.com/bfs/new_dyn/54d861c6cb64186d5237b72df984683b3546795158276766.jpg	/home/TianYue/Documents/zhoubao-fuwendangan/赛后判例_图片/2025-11-13_关于第一赛季全国公开赛（上海）赛后判例_1134645362212995072/01.jpg
1134645362212995072	https://www.bilibili.com/opus/1134645362212995072	https://i0.hdslb.com/bfs/new_dyn/e4f401635b3e74a096842be5afffe6243546795158276766.jpg	/home/TianYue/Documents/zhoubao-fuwendangan/赛后判例_图片/2025-11-13_关于第一赛季全国公开赛（上海）赛后判例_1134645362212995072/02.jpg
1134645362212995072	https://www.bilibili.com/opus/1134645362212995072	https://i0.hdslb.com/bfs/new_dyn/8a31c723428907b3ed414d5ac97705ba3546795158276766.jpg	/home/TianYue/Documents/zhoubao-fuwendangan/赛后判例_图片/2025-11-13_关于第一赛季全国公开赛（上海）赛后判例_1134645362212995072/03.jpg
1160282840232886273	https://www.bilibili.com/opus/1160282840232886273	https://i0.hdslb.com/bfs/new_dyn/9c5ebe17a36e3c79ffe671f6b15b78303546795158276766.jpg	/home/TianYue/Documents/zhoubao-fuwendangan/赛后判例_图片/2026-01-21_关于第二赛季区域公开赛-福州站赛后判例_1160282840232886273/01.jpg
1160282840232886273	https://www.bilibili.com/opus/1160282840232886273	https://i0.hdslb.com/bfs/new_dyn/cb267a572565b0da8b43dc94cb5600c53546795158276766.jpg	/home/TianYue/Documents/zhoubao-fuwendangan/赛后判例_图片/2026-01-21_关于第二赛季区域公开赛-福州站赛后判例_1160282840232886273/02.jpg
1160282840232886273	https://www.bilibili.com/opus/1160282840232886273	https://i0.hdslb.com/bfs/new_dyn/3f06414d26c372c52d3bb80c49f4452a3546795158276766.jpg	/home/TianYue/Documents/zhoubao-fuwendangan/赛后判例_图片/2026-01-21_关于第二赛季区域公开赛-福州站赛后判例_1160282840232886273/03.jpg
1160282840232886273	https://www.bilibili.com/opus/1160282840232886273	https://i0.hdslb.com/bfs/new_dyn/4dedf1a26f9ca11351bab2573e995b043546795158276766.jpg	/home/TianYue/Documents/zhoubao-fuwendangan/赛后判例_图片/2026-01-21_关于第二赛季区域公开赛-福州站赛后判例_1160282840232886273/04.jpg
1163166481226137616	https://www.bilibili.com/opus/1163166481226137616	https://i0.hdslb.com/bfs/new_dyn/e1730279d20810f0b985e7dc480ba6fd3546795158276766.jpg	/home/TianYue/Documents/zhoubao-fuwendangan/赛后判例_图片/2026-01-29_关于第二赛季区域公开赛-成都站赛后判例_1163166481226137616/01.jpg
1163166481226137616	https://www.bilibili.com/opus/1163166481226137616	https://i0.hdslb.com/bfs/new_dyn/a44f6ce50888d65be96bfa1b54ee90ba3546795158276766.jpg	/home/TianYue/Documents/zhoubao-fuwendangan/赛后判例_图片/2026-01-29_关于第二赛季区域公开赛-成都站赛后判例_1163166481226137616/02.jpg
1165431670649651201	https://www.bilibili.com/opus/1165431670649651201	https://i0.hdslb.com/bfs/new_dyn/4ad19108673e97f86c3691b86e21ba6f3546795158276766.jpg	/home/TianYue/Documents/zhoubao-fuwendangan/赛后判例_图片/2026-02-04_关于第二赛季区域公开赛-大连站赛后判例_1165431670649651201/01.jpg
1165431670649651201	https://www.bilibili.com/opus/1165431670649651201	https://i0.hdslb.com/bfs/new_dyn/c366df2d5a0c25fdb560e0faf17dcc853546795158276766.png	/home/TianYue/Documents/zhoubao-fuwendangan/赛后判例_图片/2026-02-04_关于第二赛季区域公开赛-大连站赛后判例_1165431670649651201/02.png
1165431670649651201	https://www.bilibili.com/opus/1165431670649651201	https://i0.hdslb.com/bfs/new_dyn/980d1bc69dcc2f97f50456e8668f80283546795158276766.jpg	/home/TianYue/Documents/zhoubao-fuwendangan/赛后判例_图片/2026-02-04_关于第二赛季区域公开赛-大连站赛后判例_1165431670649651201/03.jpg
1168377215052677145	https://www.bilibili.com/opus/1168377215052677145	https://i0.hdslb.com/bfs/new_dyn/63fff341af2f27a7c2ce0e736630a7be3546795158276766.jpg	/home/TianYue/Documents/zhoubao-fuwendangan/赛后判例_图片/2026-02-12_关于第二赛季区域公开赛-南京站赛后判例_1168377215052677145/01.jpg
1168377215052677145	https://www.bilibili.com/opus/1168377215052677145	https://i0.hdslb.com/bfs/new_dyn/548bed8489a305b55b2cd7c39d2f95063546795158276766.jpg	/home/TianYue/Documents/zhoubao-fuwendangan/赛后判例_图片/2026-02-12_关于第二赛季区域公开赛-南京站赛后判例_1168377215052677145/02.jpg
1177978964457553924	https://www.bilibili.com/opus/1177978964457553924	https://i0.hdslb.com/bfs/new_dyn/b4d1825d9e2c4d6ca9967bb68361c9be3546795158276766.png	/home/TianYue/Documents/zhoubao-fuwendangan/赛后判例_图片/2026-03-10_符文战场关于规则更新和禁卡规划的说明_1177978964457553924/01.png
1184426593019232338	https://www.bilibili.com/opus/1184426593019232338	https://i0.hdslb.com/bfs/new_dyn/9d9d4048c8ade7a23e013a41b618b7523546795158276766.jpg	/home/TianYue/Documents/zhoubao-fuwendangan/赛后判例_图片/2026-03-27_关于第二赛季全国公开赛赛后判例_1184426593019232338/01.jpg
1184426593019232338	https://www.bilibili.com/opus/1184426593019232338	https://i0.hdslb.com/bfs/new_dyn/1875cc6ef31fa3dd6e8db840a0bab3ed3546795158276766.jpg	/home/TianYue/Documents/zhoubao-fuwendangan/赛后判例_图片/2026-03-27_关于第二赛季全国公开赛赛后判例_1184426593019232338/02.jpg
1204434245046501409	https://www.bilibili.com/opus/1204434245046501409	https://i0.hdslb.com/bfs/new_dyn/fef17d43562a94d081fd09c70cf365253546795158276766.jpg	/home/TianYue/Documents/zhoubao-fuwendangan/赛后判例_图片/2026-05-20_关于第三赛季区域公开赛-苏州站赛后判例_1204434245046501409/01.jpg
1204434245046501409	https://www.bilibili.com/opus/1204434245046501409	https://i0.hdslb.com/bfs/new_dyn/effa64968f326aa2e0e3fa93852129523546795158276766.jpg	/home/TianYue/Documents/zhoubao-fuwendangan/赛后判例_图片/2026-05-20_关于第三赛季区域公开赛-苏州站赛后判例_1204434245046501409/02.jpg
1204434245046501409	https://www.bilibili.com/opus/1204434245046501409	https://i0.hdslb.com/bfs/new_dyn/9857389bf721a427d917ea6fb8c89c813546795158276766.jpg	/home/TianYue/Documents/zhoubao-fuwendangan/赛后判例_图片/2026-05-20_关于第三赛季区域公开赛-苏州站赛后判例_1204434245046501409/03.jpg
1207047303099056151	https://www.bilibili.com/opus/1207047303099056151	https://i0.hdslb.com/bfs/new_dyn/fa7e68f7e0cf8aa8c1c2b57c9ae9a67d3546795158276766.jpg	/home/TianYue/Documents/zhoubao-fuwendangan/赛后判例_图片/2026-05-27_关于第三赛季区域公开赛-西安站赛后判例_1207047303099056151/01.jpg
1207047303099056151	https://www.bilibili.com/opus/1207047303099056151	https://i0.hdslb.com/bfs/new_dyn/33f257c3445defabebe4d3995ce8a48a3546795158276766.jpg	/home/TianYue/Documents/zhoubao-fuwendangan/赛后判例_图片/2026-05-27_关于第三赛季区域公开赛-西安站赛后判例_1207047303099056151/02.jpg
1212165186176155648	https://www.bilibili.com/opus/1212165186176155648	https://i0.hdslb.com/bfs/new_dyn/5f6130af689aac594460883133fc046a3546795158276766.jpg	/home/TianYue/Documents/zhoubao-fuwendangan/赛后判例_图片/2026-06-10_关于第三赛季区域公开赛-天津站赛后判例_1212165186176155648/01.jpg
1212165186176155648	https://www.bilibili.com/opus/1212165186176155648	https://i0.hdslb.com/bfs/new_dyn/47ccf29cb648663e82b52e35c1ad499d3546795158276766.jpg	/home/TianYue/Documents/zhoubao-fuwendangan/赛后判例_图片/2026-06-10_关于第三赛季区域公开赛-天津站赛后判例_1212165186176155648/02.jpg
1214778244239196213	https://www.bilibili.com/opus/1214778244239196213	https://i0.hdslb.com/bfs/new_dyn/33596777d8c45abff72ebfe85599e5743546795158276766.jpg	/home/TianYue/Documents/zhoubao-fuwendangan/赛后判例_图片/2026-06-17_关于第三赛季区域公开赛-长沙站赛后判例_1214778244239196213/01.jpg
1228145041509187608	https://www.bilibili.com/opus/1228145041509187608	https://i0.hdslb.com/bfs/new_dyn/b9a3045b7f21a77cf60139a8c5c507dc3546795158276766.jpg	/home/TianYue/Documents/zhoubao-fuwendangan/赛后判例_图片/2026-07-23_关于第三赛季全国公开赛赛后判例_1228145041509187608/01.jpg
1228145041509187608	https://www.bilibili.com/opus/1228145041509187608	https://i0.hdslb.com/bfs/new_dyn/32e6e1f6177f60a9ffec570d73e0fe813546795158276766.jpg	/home/TianYue/Documents/zhoubao-fuwendangan/赛后判例_图片/2026-07-23_关于第三赛季全国公开赛赛后判例_1228145041509187608/02.jpg
1243800197284233235	https://www.bilibili.com/opus/1243800197284233235	https://i0.hdslb.com/bfs/new_dyn/e966b19e303812842f32e82318fcf3533546795158276766.png	/home/TianYue/Documents/zhoubao-fuwendangan/赛后判例_图片/2026-09-03_关于第四赛季区域公开赛「武汉站」赛后判例_1243800197284233235/01.png
1243800197284233235	https://www.bilibili.com/opus/1243800197284233235	https://i0.hdslb.com/bfs/new_dyn/77783d26263ccaceb624800a5b5322213546795158276766.png	/home/TianYue/Documents/zhoubao-fuwendangan/赛后判例_图片/2026-09-03_关于第四赛季区域公开赛「武汉站」赛后判例_1243800197284233235/02.png
1248516146510954500	https://www.bilibili.com/opus/1248516146510954500	https://i0.hdslb.com/bfs/new_dyn/a04fa7a698bba3587ebf521565b9243f3546795158276766.jpg	/home/TianYue/Documents/zhoubao-fuwendangan/赛后判例_图片/2026-09-16_关于第四赛季区域公开赛「沈阳站」赛后判例_1248516146510954500/01.jpg
1248516146510954500	https://www.bilibili.com/opus/1248516146510954500	https://i0.hdslb.com/bfs/new_dyn/d56d9746220ce7a8360f4b50d5c8c6b33546795158276766.jpg	/home/TianYue/Documents/zhoubao-fuwendangan/赛后判例_图片/2026-09-16_关于第四赛季区域公开赛「沈阳站」赛后判例_1248516146510954500/02.jpg
