日期,标题,图片数,B站原帖,本地文件夹,Opus ID
2025-09-03,关于第一赛季区域公开赛-广州站赛后判例,7,https://www.bilibili.com/opus/1106492573155852293,2025-09-03_关于第一赛季区域公开赛-广州站赛后判例_1106492573155852293,1106492573155852293
2025-09-05,关于第一赛季区域公开赛-北京站赛后判例,2,https://www.bilibili.com/opus/1108988045816758312,2025-09-05_关于第一赛季区域公开赛-北京站赛后判例_1108988045816758312,1108988045816758312
2025-09-12,关于第一赛季区域公开赛-重庆站赛后判例,1,https://www.bilibili.com/opus/1111662951442415632,2025-09-12_关于第一赛季区域公开赛-重庆站赛后判例_1111662951442415632,1111662951442415632
2025-09-19,关于第一赛季区域公开赛-杭州站赛后判例,1,https://www.bilibili.com/opus/1114291471444344833,2025-09-19_关于第一赛季区域公开赛-杭州站赛后判例_1114291471444344833,1114291471444344833
2025-11-13,关于第一赛季全国公开赛（上海）赛后判例,3,https://www.bilibili.com/opus/1134645362212995072,2025-11-13_关于第一赛季全国公开赛（上海）赛后判例_1134645362212995072,1134645362212995072
2026-01-21,关于第二赛季区域公开赛-福州站赛后判例,4,https://www.bilibili.com/opus/1160282840232886273,2026-01-21_关于第二赛季区域公开赛-福州站赛后判例_1160282840232886273,1160282840232886273
2026-01-29,关于第二赛季区域公开赛-成都站赛后判例,2,https://www.bilibili.com/opus/1163166481226137616,2026-01-29_关于第二赛季区域公开赛-成都站赛后判例_1163166481226137616,1163166481226137616
2026-02-04,关于第二赛季区域公开赛-大连站赛后判例,3,https://www.bilibili.com/opus/1165431670649651201,2026-02-04_关于第二赛季区域公开赛-大连站赛后判例_1165431670649651201,1165431670649651201
2026-02-12,关于第二赛季区域公开赛-南京站赛后判例,2,https://www.bilibili.com/opus/1168377215052677145,2026-02-12_关于第二赛季区域公开赛-南京站赛后判例_1168377215052677145,1168377215052677145
2026-03-10,符文战场关于规则更新和禁卡规划的说明,1,https://www.bilibili.com/opus/1177978964457553924,2026-03-10_符文战场关于规则更新和禁卡规划的说明_1177978964457553924,1177978964457553924
2026-03-27,关于第二赛季全国公开赛赛后判例,2,https://www.bilibili.com/opus/1184426593019232338,2026-03-27_关于第二赛季全国公开赛赛后判例_1184426593019232338,1184426593019232338
2026-05-20,关于第三赛季区域公开赛-苏州站赛后判例,3,https://www.bilibili.com/opus/1204434245046501409,2026-05-20_关于第三赛季区域公开赛-苏州站赛后判例_1204434245046501409,1204434245046501409
2026-05-27,关于第三赛季区域公开赛-西安站赛后判例,2,https://www.bilibili.com/opus/1207047303099056151,2026-05-27_关于第三赛季区域公开赛-西安站赛后判例_1207047303099056151,1207047303099056151
2026-06-10,关于第三赛季区域公开赛-天津站赛后判例,2,https://www.bilibili.com/opus/1212165186176155648,2026-06-10_关于第三赛季区域公开赛-天津站赛后判例_1212165186176155648,1212165186176155648
2026-06-17,关于第三赛季区域公开赛-长沙站赛后判例,1,https://www.bilibili.com/opus/1214778244239196213,2026-06-17_关于第三赛季区域公开赛-长沙站赛后判例_1214778244239196213,1214778244239196213
2026-07-23,关于第三赛季全国公开赛赛后判例,2,https://www.bilibili.com/opus/1228145041509187608,2026-07-23_关于第三赛季全国公开赛赛后判例_1228145041509187608,1228145041509187608
2026-09-03,关于第四赛季区域公开赛「武汉站」赛后判例,2,https://www.bilibili.com/opus/1243800197284233235,2026-09-03_关于第四赛季区域公开赛「武汉站」赛后判例_1243800197284233235,1243800197284233235
2026-09-16,关于第四赛季区域公开赛「沈阳站」赛后判例,2,https://www.bilibili.com/opus/1248516146510954500,2026-09-16_关于第四赛季区域公开赛「沈阳站」赛后判例_1248516146510954500,1248516146510954500
