qa_id,card_no,position
7e3a4dc8-5c6d-5cc5-a242-016fb06baefb,OGN-103,0
3ab32495-b6cd-5629-b117-255eab9eec90,OGN-292,0
ad6998ba-7167-5ac2-9e99-f10420a71cf7,OGN-048,0
6ca1222d-f4ea-5aca-8d82-36d71feaeeef,OGN-209,0
9c69b239-6f17-5aad-9042-a2e155011f05,OGN-199,0
9c69b239-6f17-5aad-9042-a2e155011f05,OGN-292,1
387a3d6e-d449-5efb-8c65-5643ddad5e5b,OGN-029,0
387a3d6e-d449-5efb-8c65-5643ddad5e5b,OGN-248,1
387a3d6e-d449-5efb-8c65-5643ddad5e5b,OGN-292,2
ccdaf86e-045c-59ab-b289-6b5bbef82850,OGN-248,0
ccdaf86e-045c-59ab-b289-6b5bbef82850,OGN-029,1
ccdaf86e-045c-59ab-b289-6b5bbef82850,OGN-105,2
9e474ead-1225-5562-a409-1d0c654bad30,OGN-248,0
9e474ead-1225-5562-a409-1d0c654bad30,OGN-029,1
9e474ead-1225-5562-a409-1d0c654bad30,OGN-105,2
e5679f92-62c5-59ca-8548-6861dd41cc13,OGN-077,0
bc247caf-2d70-5a65-a393-003d61b803a1,OGN-077,0
6783f50d-163a-5c58-8bdf-490430242ad7,OGN-077,0
cc7e7683-93a1-5758-a3a8-5b3a3ef9c13f,OGN-248,0
cc7e7683-93a1-5758-a3a8-5b3a3ef9c13f,OGN-077,1
a36842a8-9a8f-5cec-b7f6-c081b50fc11c,OGN-077,0
e58d48f6-3ef8-580e-a4d1-7931d48c336b,OGN-077,0
1ec2d48b-059b-5af1-81ee-da61d8700f92,OGN-213,0
267c74e4-d24a-53fc-bf43-d0597d9390aa,OGN-213,0
267c74e4-d24a-53fc-bf43-d0597d9390aa,OGN-077,1
9bf456a4-3b2a-5dee-8934-c532e10641be,OGN-145,0
9bf456a4-3b2a-5dee-8934-c532e10641be,OGN-149,1
9bf456a4-3b2a-5dee-8934-c532e10641be,OGN-128,2
9bf456a4-3b2a-5dee-8934-c532e10641be,OGN-258,3
9bf456a4-3b2a-5dee-8934-c532e10641be,OGN-260,4
d9709486-a7d6-5946-a8bc-0f345759b9b2,OGN-093,0
d9709486-a7d6-5946-a8bc-0f345759b9b2,OGN-095,1
489b6f9e-7bf4-5915-8a7d-ca6506ab1c34,OGN-149,0
a918f5eb-2c76-5e16-b3f5-dc543f273d8b,OGN-247,0
5fafea7d-f4c5-5b91-9882-3db3b1fcbb87,OGN-045,0
5fafea7d-f4c5-5b91-9882-3db3b1fcbb87,OGN-064,1
5fafea7d-f4c5-5b91-9882-3db3b1fcbb87,OGN-103,2
d18de24f-b1d0-5f22-8394-eaaed0f174c1,OGN-274,0
d18de24f-b1d0-5f22-8394-eaaed0f174c1,UNL-T07,1
d18de24f-b1d0-5f22-8394-eaaed0f174c1,OGN-097,2
3e07cb2a-382b-53a1-806e-6217a6a63351,OGN-027,0
4678e623-bc64-54b8-8d89-fa8a48506834,OGN-227,0
bc83fbfa-3cec-5add-ad44-a2a26b7dfd31,OGN-262,0
5de0557f-448c-53dd-88b1-9cf06471b130,OGN-261,0
0fac0a32-a1cb-5dc1-969e-50c56883addf,OGN-024,0
0fac0a32-a1cb-5dc1-969e-50c56883addf,OGS-011,1
d9312087-af2b-5713-a098-52eaae4d23ab,OGN-024,0
3ab3fe52-26da-5dc3-8916-f6b3b3e212cf,OGN-145,0
3ab3fe52-26da-5dc3-8916-f6b3b3e212cf,OGN-024,1
696df710-3282-5862-a2c7-7be513a98e7c,OGN-298,0
56ce78d1-2ee5-5755-bbb8-18d5227fc95c,FND-251,0
56ce78d1-2ee5-5755-bbb8-18d5227fc95c,OGN-251,1
56ce78d1-2ee5-5755-bbb8-18d5227fc95c,OGN-298,2
56ce78d1-2ee5-5755-bbb8-18d5227fc95c,OGN-252,3
f2aa7aa0-5716-539b-a130-c3b09da00276,OGN-209,0
df545a27-9902-5641-a5d5-237b0726ea88,FND-265,0
df545a27-9902-5641-a5d5-237b0726ea88,OGN-265,1
325bc2cd-44b9-56e9-b243-30423d0f72ee,OGN-004,0
93786030-4958-59fd-8d55-334a5854a368,OGN-250,0
744182ca-0e4e-551b-a56e-ea14aa5bb053,OGN-158,0
be6c45fd-26a0-54b7-8001-0dd69df6856b,OGN-158,0
bbf46ecb-bdca-5854-92fe-7eaa3fc6789b,OGN-158,0
c07fc599-dd72-5a34-b9e5-c1b2c0272140,OGN-132,0
c07fc599-dd72-5a34-b9e5-c1b2c0272140,OGN-155,1
93264c98-4a81-513e-9a52-b291a7471ff3,OGS-019,0
93264c98-4a81-513e-9a52-b291a7471ff3,OGS-009,1
93264c98-4a81-513e-9a52-b291a7471ff3,OGN-096,2
93264c98-4a81-513e-9a52-b291a7471ff3,OGN-211,3
93264c98-4a81-513e-9a52-b291a7471ff3,OGN-110,4
1b5b4222-9214-507b-8869-261694fdeaf5,OGN-221,0
1b5b4222-9214-507b-8869-261694fdeaf5,OGN-218,1
1b5b4222-9214-507b-8869-261694fdeaf5,OGN-082,2
0bc64769-8afc-5b1e-9c9d-a9ec77544cc7,OGN-121,0
0bc64769-8afc-5b1e-9c9d-a9ec77544cc7,OGN-160,1
0bc64769-8afc-5b1e-9c9d-a9ec77544cc7,OGN-161,2
0bc64769-8afc-5b1e-9c9d-a9ec77544cc7,OGN-082,3
ec3c5d84-5f76-582e-9bf9-d3852faecc44,OGN-160,0
ec3c5d84-5f76-582e-9bf9-d3852faecc44,OGN-161,1
ec3c5d84-5f76-582e-9bf9-d3852faecc44,OGN-082,2
6b75c774-10ce-592a-a09d-3a4b8d4e6a4f,OGN-212,0
56e5f293-6fd8-5194-807d-c18ff3a49cd3,OGN-160,0
56e5f293-6fd8-5194-807d-c18ff3a49cd3,OGN-161,1
56e5f293-6fd8-5194-807d-c18ff3a49cd3,OGN-082,2
136ef838-de31-58d1-b9a2-141b02435285,OGN-069,0
136ef838-de31-58d1-b9a2-141b02435285,OGN-077,1
df52d20c-0aac-5275-9b34-b3d4166243f6,OGN-292,0
df52d20c-0aac-5275-9b34-b3d4166243f6,OGN-185,1
df52d20c-0aac-5275-9b34-b3d4166243f6,OGN-168,2
6bde5ad0-b8f9-50d9-aee8-124cb373ad49,OGN-295,0
6bde5ad0-b8f9-50d9-aee8-124cb373ad49,OGN-168,1
f524502c-8db0-568a-9cd8-5c035d282d68,OGN-224,0
ee10161b-ccc8-5a4b-811b-97ef12cf400f,SFD-148,0
96adb670-c700-5cb0-a239-9a01d946494d,SFD-148,0
96adb670-c700-5cb0-a239-9a01d946494d,OGN-221,1
96adb670-c700-5cb0-a239-9a01d946494d,SFD-128,2
96adb670-c700-5cb0-a239-9a01d946494d,SFD-020,3
96adb670-c700-5cb0-a239-9a01d946494d,OGN-285,4
1a72511a-8637-59bb-b7bd-ac70632f4054,SFD-128,0
1a72511a-8637-59bb-b7bd-ac70632f4054,SFD-020,1
1a72511a-8637-59bb-b7bd-ac70632f4054,OGN-285,2
54afc9c5-8dba-562e-ab04-bac702455b75,SFD-020,0
54afc9c5-8dba-562e-ab04-bac702455b75,SFD-128,1
f02a79da-ec64-52ea-a97e-226cfd35e56b,SFD-020,0
b02ca426-0de3-558d-9e15-779c7a87db4b,OGN-173,0
b02ca426-0de3-558d-9e15-779c7a87db4b,SFD-020,1
ff3ec39d-3bd7-52a8-a12d-ad8ddec3a190,SFD-185,0
ff3ec39d-3bd7-52a8-a12d-ad8ddec3a190,OGN-173,1
ff3ec39d-3bd7-52a8-a12d-ad8ddec3a190,OGN-168,2
d0d8437d-7b0e-55b9-bd6b-dd0a9a212312,SFD-030,0
d0d8437d-7b0e-55b9-bd6b-dd0a9a212312,SFD-115,1
d0d8437d-7b0e-55b9-bd6b-dd0a9a212312,OGN-286,2
8a2efaa8-dd37-59c5-a2d7-56871c76614b,SFD-030,0
8a2efaa8-dd37-59c5-a2d7-56871c76614b,SFD-115,1
8a2efaa8-dd37-59c5-a2d7-56871c76614b,OGN-286,2
e9153133-cdfb-5841-a0f1-17f5eba705a2,SFD-153,0
e9153133-cdfb-5841-a0f1-17f5eba705a2,SFD-T02,1
e9153133-cdfb-5841-a0f1-17f5eba705a2,OGN-169,2
e9153133-cdfb-5841-a0f1-17f5eba705a2,VEN-T04,3
e5946f2f-d6ad-5e9f-b118-1b8de0707c55,SFD-153,0
e5946f2f-d6ad-5e9f-b118-1b8de0707c55,SFD-T02,1
e5946f2f-d6ad-5e9f-b118-1b8de0707c55,SFD-050,2
e5946f2f-d6ad-5e9f-b118-1b8de0707c55,VEN-T04,3
b62dc6da-9a63-5404-ae26-8cbd24efd5dc,SFD-165,0
b62dc6da-9a63-5404-ae26-8cbd24efd5dc,SFD-069,1
9628b1f6-1162-5bb4-bdae-071f7d35af35,OGN-195,0
9628b1f6-1162-5bb4-bdae-071f7d35af35,SFD-150,1
d232ff32-f30f-5ac2-b7c2-e2bccd20b67f,SFD-122,0
3b37db67-0add-5228-a98a-180e06eb2988,SFD-122,0
5315f61b-a801-5725-8d60-d404515d46bc,SFD-040,0
b6b24a76-d389-5992-af3f-3c1e106a383c,SFD-069,0
b6b24a76-d389-5992-af3f-3c1e106a383c,SFD-221,1
b6b24a76-d389-5992-af3f-3c1e106a383c,SFD-T03,2
b6b24a76-d389-5992-af3f-3c1e106a383c,UNL-T05,3
b6b24a76-d389-5992-af3f-3c1e106a383c,VEN-T02,4
9abc170f-9464-5680-870d-1ea1e251ab80,SFD-109,0
9abc170f-9464-5680-870d-1ea1e251ab80,SFD-022,1
16b2b0da-cc71-541b-83dc-5cf9c7f25547,SFD-109,0
16b2b0da-cc71-541b-83dc-5cf9c7f25547,SFD-022,1
76c40e77-cdbc-5638-8cc8-67be2376489b,OGN-008,0
76c40e77-cdbc-5638-8cc8-67be2376489b,OGS-011,1
76c40e77-cdbc-5638-8cc8-67be2376489b,OGN-024,2
4a4cf4ab-9ac0-5635-83b8-29fa57673020,SFD-210,0
63f03b4c-6f6f-5d07-888c-ca4676a3b1c5,SFD-177,0
63f03b4c-6f6f-5d07-888c-ca4676a3b1c5,SFD-202,1
63f03b4c-6f6f-5d07-888c-ca4676a3b1c5,SFD-T02,2
9f7ae629-cdf8-52ec-954d-b8c1197b0cad,SFD-148,0
9f7ae629-cdf8-52ec-954d-b8c1197b0cad,SFD-021,1
d00b0078-3371-5cb0-b4c0-23a05fc75e7b,UNL-198,0
1c03aa1a-fc62-5b66-b4e8-c26320b0d2ff,UNL-198,0
16c0fdf1-3956-5890-8161-00f0e03cd17a,UNL-173,0
16c0fdf1-3956-5890-8161-00f0e03cd17a,UNL-179,1
ce11ef58-9cc8-5d7c-92c8-f875f408d983,SFD-179,0
ce11ef58-9cc8-5d7c-92c8-f875f408d983,UNL-143,1
e2cee14b-4b53-567c-a0dd-8dfe382fbd00,OGN-077,0
e2cee14b-4b53-567c-a0dd-8dfe382fbd00,SFD-058,1
e2cee14b-4b53-567c-a0dd-8dfe382fbd00,UNL-170,2
d41b7323-5c22-51fe-bd0f-870f8b570026,OGN-077,0
d41b7323-5c22-51fe-bd0f-870f8b570026,OGN-231,1
8636480a-6524-531f-8fe6-e3d030e3e388,OGN-077,0
8636480a-6524-531f-8fe6-e3d030e3e388,SFD-163,1
fca1a30c-ef38-59f2-b8f7-3b7d17458d81,OGN-077,0
fca1a30c-ef38-59f2-b8f7-3b7d17458d81,UNL-142,1
e0ff46f3-eb04-5f9e-9844-0bbcaebdc586,OGN-077,0
e0ff46f3-eb04-5f9e-9844-0bbcaebdc586,OGN-242,1
bded16b2-d54f-571a-8bb4-e4e359e051aa,OGN-077,0
bded16b2-d54f-571a-8bb4-e4e359e051aa,UNL-186,1
46523a79-8601-5fd7-8190-326e6236fa1f,UNL-150,0
46523a79-8601-5fd7-8190-326e6236fa1f,OGN-160,1
a2de3660-d93d-5502-a69f-75da3c3e1706,UNL-080,0
48a589dd-8cdc-52bd-9417-36ce39d6c5c5,OGN-258,0
48a589dd-8cdc-52bd-9417-36ce39d6c5c5,UNL-080,1
c2b2f0b2-ca40-5ace-b315-7f10db8dff6e,UNL-216,0
c2b2f0b2-ca40-5ace-b315-7f10db8dff6e,OGN-183,1
c2b2f0b2-ca40-5ace-b315-7f10db8dff6e,UNL-131,2
30b4135e-b58f-5a13-8a12-4672fdb28598,UNL-052,0
0b4e74c1-4284-5357-9ab2-e9e551eb992e,SFD-111,0
97bc9662-06ae-5f37-a762-565c293e0349,OGN-103,0
62c9d99c-2039-57e8-8826-74e7727e5a49,UNL-079,0
de5de31b-5f4c-53cc-a39b-92468f3999a0,UNL-079,0
de5de31b-5f4c-53cc-a39b-92468f3999a0,OGN-169,1
094a0b80-f371-5bca-870d-3be0500f0645,UNL-079,0
0769d58e-f3f9-5054-8e31-45a01d26b1bf,OGN-173,0
0769d58e-f3f9-5054-8e31-45a01d26b1bf,UNL-079,1
75f9b34e-daee-55c4-aa7f-5a613d3f5d73,OGN-199,0
ead6052d-e564-5173-9fb9-e3208513ad58,OGN-199,0
de20de34-a6e8-55a3-8e6d-3e60867947f2,OGN-238,0
de20de34-a6e8-55a3-8e6d-3e60867947f2,UNL-120,1
afcd29f6-2819-5790-a5fe-7516bfa1d6d3,UNL-120,0
873f1c9c-4445-5367-a96b-e954de3b4ebb,UNL-145,0
873f1c9c-4445-5367-a96b-e954de3b4ebb,OGN-209,1
175551b1-50f4-5a62-9ef9-c906bf07a767,SFD-036,0
175551b1-50f4-5a62-9ef9-c906bf07a767,SFD-051,1
4aef74ea-a7ff-57e2-9a1a-4c73393f646a,SFD-146,0
4aef74ea-a7ff-57e2-9a1a-4c73393f646a,OGN-173,1
6221e150-2313-5048-80ab-1a14ecb6d268,OGN-121,0
6221e150-2313-5048-80ab-1a14ecb6d268,UNL-128,1
c988771a-cdb4-5378-9dc5-cad8d36a26f4,UNL-210,0
c988771a-cdb4-5378-9dc5-cad8d36a26f4,OGN-121,1
0b8c4ee5-73bf-58ea-9cd1-ee8e675d9bef,UNL-215,0
0b8c4ee5-73bf-58ea-9cd1-ee8e675d9bef,UNL-199,1
0b8c4ee5-73bf-58ea-9cd1-ee8e675d9bef,UNL-T06,2
0b8c4ee5-73bf-58ea-9cd1-ee8e675d9bef,OGN-169,3
0b8c4ee5-73bf-58ea-9cd1-ee8e675d9bef,VEN-123,4
1bce5a6b-caf7-5727-8dcb-04aee7128640,UNL-215,0
1bce5a6b-caf7-5727-8dcb-04aee7128640,UNL-199,1
1bce5a6b-caf7-5727-8dcb-04aee7128640,UNL-T06,2
1bce5a6b-caf7-5727-8dcb-04aee7128640,OGN-169,3
1bce5a6b-caf7-5727-8dcb-04aee7128640,VEN-123,4
7b23076d-450e-54b9-bff7-dca844b9f93b,OGN-060,0
7b23076d-450e-54b9-bff7-dca844b9f93b,UNL-053,1
7b23076d-450e-54b9-bff7-dca844b9f93b,UNL-120,2
50af8c01-1ed1-582d-9d2c-fc73d404c917,VEN-135,0
68437130-883c-5acd-9ce7-020e1d1152db,VEN-135,0
68437130-883c-5acd-9ce7-020e1d1152db,OGS-011,1
0dec9d0e-eb88-51a7-933c-34bb9fb5dc0a,VEN-135,0
0dec9d0e-eb88-51a7-933c-34bb9fb5dc0a,OGS-011,1
7fdd3ab5-ab7b-537e-a74c-b0e6ec5e7d2c,VEN-135,0
7fdd3ab5-ab7b-537e-a74c-b0e6ec5e7d2c,OGN-169,1
a1ca906e-bc94-51bb-963d-51c0ac1910f8,VEN-044,0
a1ca906e-bc94-51bb-963d-51c0ac1910f8,OGN-172,1
5e599502-2a90-5fe9-a365-25a7f75429ed,VEN-044,0
5e599502-2a90-5fe9-a365-25a7f75429ed,OGN-058,1
5e599502-2a90-5fe9-a365-25a7f75429ed,OGN-172,2
44c97cb8-b3b5-5162-b8e9-6f34364d6863,SFD-036,0
44c97cb8-b3b5-5162-b8e9-6f34364d6863,UNL-120,1
df4ec28f-5c1d-5f30-8369-fa277cc42828,SFD-048,0
df4ec28f-5c1d-5f30-8369-fa277cc42828,UNL-053,1
df4ec28f-5c1d-5f30-8369-fa277cc42828,VEN-140,2
a97e77ec-e561-5fd6-9a68-2b86b511fe48,VEN-152,0
f7e93a38-a888-5894-9581-5b1bdf2130c1,UNL-063,0
f7e93a38-a888-5894-9581-5b1bdf2130c1,SFD-145,1
e01a5cb8-339d-5814-be12-2633482f1b82,VEN-044,0
e01a5cb8-339d-5814-be12-2633482f1b82,SFD-202,1
1e4c7e23-a086-51f6-951d-232ba2acbc24,UNL-145,0
