source_id,source,opus_id,日期,章节,问题,答案,卡号,起止行
1106492573155852293-01,第一赛季区域公开赛-广州站赛后判例,1106492573155852293,2025-09-03,赛事处罚,Q：【拉文布鲁姆学生】的技能遗漏触发,"A：拉文布鲁姆学生的技能触发条件“每当你打出一张法术牌时”，其中“打出”指的是这张法术牌被成功结算。
【拉文布鲁姆学生】的技能需要严格按照触发式技能的添加至结算链与结算流程进行操作，但由于在实际对局中比较繁琐
且遗漏触发十分常见，裁判组允许双方选手在打出【拉文布鲁姆学生】时进行约定：本轮对局中【拉文布鲁姆学生】的技能
默认触发，并正常结算。与此相对应,如果双方选手没有提前达成约定，裁判组将会严格按照错过触发进行裁定。",OGN-103,13-17
1106492573155852293-02,第一赛季区域公开赛-广州站赛后判例,1106492573155852293,2025-09-03,赛事处罚,Q：游戏开始时没有放置选定英雄,"A：遗忘放置选定英雄是一个较为容易发现的游戏流程错误，相关信息的缺失会导致比赛公平性受到影响。对局开始超过一回合
时，任意选手声明某选手的选定英雄区没有放置卡牌，裁判组将会裁定为单局败北。",,18-20
1106492573155852293-03,第一赛季区域公开赛-广州站赛后判例,1106492573155852293,2025-09-03,赛事处罚,Q：主牌堆卡牌混入符文牌堆,"A：对局开始后发现主牌堆卡牌混入符文牌堆，代表着比赛开始时主牌堆不足39张，这一情况严重违反比赛公平和赛场规则
裁判组将会裁定为单局败北。",,21-23
1106492573155852293-04,第一赛季区域公开赛-广州站赛后判例,1106492573155852293,2025-09-03,赛事处罚,Q：双方选手对得分出现异议,"A：裁判组建议双方选手加强有关得分方面的沟通，每次得分后主动与对手确认，并充分利用核销时发放的计分表和符文战场官
方小程序对战工具。",,24-26
1106492573155852293-05,第一赛季区域公开赛-广州站赛后判例,1106492573155852293,2025-09-03,赛事处罚,Q：过度简化,"A：选手因过度简化操作流程导致错误时,将被裁判组裁定为非法操作。",,27-28
1106492573155852293-06,第一赛季区域公开赛-广州站赛后判例,1106492573155852293,2025-09-03,赛事处罚,Q：特殊情况导致比赛无法开始,A：选手原因导致无法开始比赛的，将被裁判组视为迟到。,,29-30
1106492573155852293-07,第一赛季区域公开赛-广州站赛后判例,1106492573155852293,2025-09-03,赛事处罚,Q：对局开始的时机,"A：当双方选手展示战场、确定先后手、互相切洗卡组完成游戏准备后，无需抽取初始手牌，裁判组将会裁定双方选手已经开始
对局。",,31-33
1106492573155852293-08,第一赛季区域公开赛-广州站赛后判例,1106492573155852293,2025-09-03,卡组检查,Q：（卡组检查第1条）,"A：卡组检查时,选手卡组中若出现了登记卡表以外的卡牌(尤其是在第二局、第三局的对战中)，将会受到单局败北及以
的判罚。",,35-36
1106492573155852293-09,第一赛季区域公开赛-广州站赛后判例,1106492573155852293,2025-09-03,卡组检查,Q：（卡组检查第2条）,A：当裁判将要进行卡检时，选手的选定英雄区若没有卡牌，将被视为卡组卡表不一致，会受到单局败北及以上的判罚。,,37-37
1106492573155852293-10,第一赛季区域公开赛-广州站赛后判例,1106492573155852293,2025-09-03,卡组检查,Q：（卡组检查第3条）,"A：卡套出现明显的颜色差异，如选定英雄的卡套为白色，主牌堆的卡套为红色,将被视为严重标记卡牌，会受到单局败北及以
上的判罚。",,38-39
1106492573155852293-11,第一赛季区域公开赛-广州站赛后判例,1106492573155852293,2025-09-03,卡组检查,Q：（卡组检查第4条）,"A：卡套若存在某种可循的规律性标记，将被视为标记卡牌,等同于严重的作嫌疑，会受到单局败北及以上的判罚。",,40-40
1106492573155852293-12,第一赛季区域公开赛-广州站赛后判例,1106492573155852293,2025-09-03,卡组检查,Q：（卡组检查第5条）,A：卡套应符合公序良俗，选手若使用包含淫，暴力等内容的卡套图案，将会受到警告及以上的判罚。,,41-41
1106492573155852293-13,第一赛季区域公开赛-广州站赛后判例,1106492573155852293,2025-09-03,卡组检查,Q：（卡组检查第6条）,A：在选手错误导致的情况下，裁判组不予制作代卡。,,42-42
1106492573155852293-14,第一赛季区域公开赛-广州站赛后判例,1106492573155852293,2025-09-03,常见问题与解答,Q：【幻梦之树】,A：【幻梦之树】的技能会在其中的友方单位被自已的法术进行自标选择时触发并添加至结算链，即使该法术被无效化也不会影响【幻梦之树】技能的结算。,OGN-292,59-71
1106492573155852293-15,第一赛季区域公开赛-广州站赛后判例,1106492573155852293,2025-09-03,常见问题与解答,Q：【冥想】,A：选择休眠幻梦之树中的友方单位是【冥想】的额外可选费用，不是目标选择，不会触发幻梦之树的技能，不抽牌。,OGN-048,59-71
1106492573155852293-16,第一赛季区域公开赛-广州站赛后判例,1106492573155852293,2025-09-03,常见问题与解答,Q：【清理门户】,A：无论哪方使用【清理门户】，都不会触发幻梦之树的技能，因为【清理门户】没有目标选择，不抽牌。,OGN-209,59-71
1106492573155852293-17,第一赛季区域公开赛-广州站赛后判例,1106492573155852293,2025-09-03,常见问题与解答,Q：【控潮者】,A：打出【控潮者】时进行目标选择，【幻梦之树】的技能不会触发，因为这是一个技能，不抽牌。,OGN-199、OGN-292,59-71
1106492573155852293-18,第一赛季区域公开赛-广州站赛后判例,1106492573155852293,2025-09-03,常见问题与解答,Q：【星落】【艾卡西亚暴雨】,"A：上述法术产生的触发式技能选择自已在【幻梦之树】中的单位，也不抽牌,因为这是触发式技能的目标选择，不是法术的自标选择。",OGN-029、OGN-248、OGN-292,59-71
1106492573155852293-19,第一赛季区域公开赛-广州站赛后判例,1106492573155852293,2025-09-03,常见问题与解答,Q：【艾卡西亚暴雨】【星落】和【星芒凝汇】分别是怎么结算的？ 【艾卡西亚暴雨】和【星落】,"A：在使用时不需要立刻选择目标,双方选手可以打出反应。结算时产生触发式技能,玩家此时选择目标(每个触发式技能单独选择自标、每个触发式技能单独计算法盾费用)，效果添加至结算链(玩家自已排列添加至结算链的顺序，倒序结算）。每结算完一个触发式技能，都会有一次清理。清理之后，双方选手可以在下一个触发式技能结算前继续往结算链中添加效果。",OGN-248、OGN-029、OGN-105,72-80
1106492573155852293-20,第一赛季区域公开赛-广州站赛后判例,1106492573155852293,2025-09-03,常见问题与解答,Q：【艾卡西亚暴雨】【星落】和【星芒凝汇】分别是怎么结算的？ 【星芒凝汇】,A：在使用时，需要同时选择至多两个单位作为目标，双方选手在【星芒凝汇】结算前可以打出反应。结算完【星芒凝汇】后，2个单位在同一个清理时点被同时摧毁。,OGN-248、OGN-029、OGN-105,72-80
1106492573155852293-21,第一赛季区域公开赛-广州站赛后判例,1106492573155852293,2025-09-03,常见问题与解答,Q：（常见问题与解答第3条）,"A：受到多种效果影响的单位(如千尾监视者/烟幕弹/九尾妖狐等)战力如何计算?
参考官方FAQ，秉持先加后减原则。",,81-82
1106492573155852293-22,第一赛季区域公开赛-广州站赛后判例,1106492573155852293,2025-09-03,常见问题与解答,Q：【中娅沙漏】作为待命牌被翻开后，能否被反应？,A：【中娅沙漏】作为常驻牌，其打出行为无法被反应。,OGN-077,98-110
1106492573155852293-23,第一赛季区域公开赛-广州站赛后判例,1106492573155852293,2025-09-03,常见问题与解答,Q：某单位即将被摧毁时，【中娅沙漏】是否必定发动?,A：【中娅沙漏】的效果在满足条件时必定发动。,OGN-077,98-110
1106492573155852293-24,第一赛季区域公开赛-广州站赛后判例,1106492573155852293,2025-09-03,常见问题与解答,Q：战场A的【中娅沙漏】可以替代战场B中即将被摧毁的单位吗？,A：可以。,OGN-077,98-110
1106492573155852293-25,第一赛季区域公开赛-广州站赛后判例,1106492573155852293,2025-09-03,常见问题与解答,Q：【艾卡西亚暴雨】是否可以再次摧毁【中娅沙漏】替代摧毁的单位？,"A：是的,玩家如果多次选择了同一个目标且伤害足够，这个单位会再次被【艾卡西亚暴雨】摧毁。",OGN-248、OGN-077,98-110
1106492573155852293-26,第一赛季区域公开赛-广州站赛后判例,1106492573155852293,2025-09-03,常见问题与解答,Q：同一场战斗伤害分配中多个单位被摧毁，【中娅沙漏】会替代哪个单位被摧毁?,A：多个单位同时被摧毁时，由【中娅沙漏】的控制者自选被替代摧毁的单位。,OGN-077,98-110
1106492573155852293-27,第一赛季区域公开赛-广州站赛后判例,1106492573155852293,2025-09-03,常见问题与解答,Q：被【中娅沙漏】替代摧毁的单位是否保留其增益与战力加减状态?,A：保留。【中娅沙漏】替代了单位的摧毁，单位本身没有被摧毁过。所以上述全部保留。,OGN-077,98-110
1106492573155852293-28,第一赛季区域公开赛-广州站赛后判例,1106492573155852293,2025-09-03,常见问题与解答,"Q：【暗刃】的自标如果不处于战场或已被摧毁,应如何处理？",A：【暗刃】失去目标，结算后不会摧毁该单位，也不会抽牌。,OGN-213,111-115
1106492573155852293-29,第一赛季区域公开赛-广州站赛后判例,1106492573155852293,2025-09-03,常见问题与解答,Q：【暗刃】的自标如果被【中娅沙漏】沙漏替代摧毁，自标单位控制者是否还可以抽牌？,A：可以,OGN-213、OGN-077,111-115
1106492573155852293-30,第一赛季区域公开赛-广州站赛后判例,1106492573155852293,2025-09-03,常见问题与解答,Q：【坚毅不倒】不能防什么？,A：无法防止来自【食肉蛇藤】【决斗】【猛龙摆尾】【狂风绝息斩】的伤害。,OGN-145、OGN-149、OGN-128、OGN-258、OGN-260,132-133
1106492573155852293-31,第一赛季区域公开赛-广州站赛后判例,1106492573155852293,2025-09-03,常见问题与解答,Q：完成征服时，单位的征服时技能和战场的征服时技能，谁先触发？,"A：同时点、同一控制者的效果由控制者自排触发顺序。
同时点、不同控制者的触发效果，按照回合顺序，回合玩家控制的先触发。",,134-136
1106492573155852293-32,第一赛季区域公开赛-广州站赛后判例,1106492573155852293,2025-09-03,常见问题与解答,Q：假设我有名4战力单位，已受到3点伤害，此时对手打出【烟幕弹】／【“敲”诈】，它是否会被摧毁？,A：会。,OGN-093、OGN-095,137-138
1106492573155852293-33,第一赛季区域公开赛-广州站赛后判例,1106492573155852293,2025-09-03,常见问题与解答,Q：【食肉蛇藤】的技能选中的单位因某个效果被移除出战场，【食肉蛇藤】是否还会与该单位相互造成伤害？,A：不会。,OGN-149,139-140
1106492573155852293-34,第一赛季区域公开赛-广州站赛后判例,1106492573155852293,2025-09-03,常见问题与解答,Q：【虚空之女】的技能是否可以用于支付打出法术时的法盾费用？,A：可以。,OGN-247,141-142
1106492573155852293-35,第一赛季区域公开赛-广州站赛后判例,1106492573155852293,2025-09-03,常见问题与解答,Q：若我的法术被对方使用【蔑视】/【风之障壁】等无效化，是否仍算打出卡牌?,"A：不算。若你打出的法术被无效化，视为没有打出：【拉文布鲁姆学生】不被触发,鼓舞也不会生效。",OGN-045、OGN-064、OGN-103,143-144
1106492573155852293-36,第一赛季区域公开赛-广州站赛后判例,1106492573155852293,2025-09-03,常见问题与解答,Q：符文是否可以提前横置操作?,A：可以。,,145-146
1106492573155852293-37,第一赛季区域公开赛-广州站赛后判例,1106492573155852293,2025-09-03,常见问题与解答,Q：对方瞬息触发时，我是否可以打出反应？,A：可以,,147-152
1106492573155852293-38,第一赛季区域公开赛-广州站赛后判例,1106492573155852293,2025-09-03,常见问题与解答,Q：拥有瞬息的【精灵】的瞬息效果被触发时，此战场中只有【精灵】一个单位，此处的待命牌(如【爆裂球果仙灵】）是否可以被打出？,A：可以，瞬息是触发式技能。,OGN-274、UNL-T07、OGN-097,147-152
1106492573155852293-39,第一赛季区域公开赛-广州站赛后判例,1106492573155852293,2025-09-03,常见问题与解答,Q：此场地的效果是否包括了非标准的移动？,A：包括，所有移动均无法将基地作为目的地。,,169-171
1106492573155852293-40,第一赛季区域公开赛-广州站赛后判例,1106492573155852293,2025-09-03,常见问题与解答,Q：【德莱厄斯（崔法利）】,"A：②当这张牌作为本回合被我打出的第三张牌时,它是否可触发活跃及+2战力效果？
A:①可以。
②不可以。",OGN-027,172-175
1106492573155852293-41,第一赛季区域公开赛-广州站赛后判例,1106492573155852293,2025-09-03,常见问题与解答,Q：【烈阳徽记】,"A：Q【烈阳徽记】会召回场上的所有单位吗？
A：不会,仅召回本次战斗中的所有单位。",OGN-227,176-178
1106492573155852293-42,第一赛季区域公开赛-广州站赛后判例,1106492573155852293,2025-09-03,常见问题与解答,Q：针对随从，是在打出时选择位置，还是在结算时选择位置？,A：结算时。打出位置是打出随从时的选择，不是法术效果的选择。,,179-181
1106492573155852293-43,第一赛季区域公开赛-广州站赛后判例,1106492573155852293,2025-09-03,常见问题与解答,Q：在此游戏模式中，A与B发生战斗，C是否可以使用【天顶之刃】在此战场打入自已的单位？,A：不可以。,OGN-262,182-184
1106492573155852293-44,第一赛季区域公开赛-广州站赛后判例,1106492573155852293,2025-09-03,常见问题与解答,"Q：某单位进入一处开放战场,是否会开启法术对决",A：会。,,185-187
1106492573155852293-45,第一赛季区域公开赛-广州站赛后判例,1106492573155852293,2025-09-03,常见问题与解答,Q：个已经被眩晕的单位，再次被指定为眩晕自标时，【曙光女神】的技能是否可以再次给予友方单位增益?,A：不可以。已经被眩晕的单位不可以再被眩晕。,OGN-261,188-191
1106492573155852293-46,第一赛季区域公开赛-广州站赛后判例,1106492573155852293,2025-09-03,常见问题与解答,Q：我打出的【虚空索敌】的目标离开战场(如【闪现】等效果)，我是否可以抽牌？,A：可以。,OGN-024、OGS-011,209-215
1106492573155852293-47,第一赛季区域公开赛-广州站赛后判例,1106492573155852293,2025-09-03,常见问题与解答,Q：我的【虚空索敌】被无效化后，我是否可以抽牌？,A：不可以。,OGN-024,209-215
1106492573155852293-48,第一赛季区域公开赛-广州站赛后判例,1106492573155852293,2025-09-03,常见问题与解答,Q：在对方已打出【坚毅不倒】的情况下，我打出【虚空索敌】，我是否可以抽牌?,A：可以。,OGN-145、OGN-024,209-215
1106492573155852293-49,第一赛季区域公开赛-广州站赛后判例,1106492573155852293,2025-09-03,常见问题与解答,Q：【祖安地沟】,A：可以。,OGN-298,216-217
1106492573155852293-50,第一赛季区域公开赛-广州站赛后判例,1106492573155852293,2025-09-03,常见问题与解答,Q：我使用【暴走萝莉】卡组，当我征服了【祖安地沟】时，我的废牌堆中有【超究极死神飞弹！】，我是否可以自已排序触发技能先因【祖安地沟】弃置张手牌且抽一张牌后，再弃置因【祖安地沟】抽取的这张牌，让【超究极死神飞弹！】返回我的手牌？,A：可以。,FND-251、OGN-251、OGN-298、OGN-252,218-222
1106492573155852293-51,第一赛季区域公开赛-广州站赛后判例,1106492573155852293,2025-09-03,常见问题与解答,Q：场上只有一方有单位，是否可以打出【清理门户】?若双方都没有单位呢？,A：可以。【清理门户】不做目标选择，故双方是否有单位不影响这张牌的打出。即使场上没有单位，也可以打出【清理门户】,OGN-209,223-225
1106492573155852293-52,第一赛季区域公开赛-广州站赛后判例,1106492573155852293,2025-09-03,常见问题与解答,Q：若我选择摧毁此装备，是否可以从废牌堆中再将它回收？,A：可以。,,226-228
1106492573155852293-53,第一赛季区域公开赛-广州站赛后判例,1106492573155852293,2025-09-03,常见问题与解答,Q：在对方的回合中，我是否可以作为防守方通过控制开放战场得分?,A：可以。,,229-231
1106492573155852293-54,第一赛季区域公开赛-广州站赛后判例,1106492573155852293,2025-09-03,常见问题与解答,"Q：我通过横置【奥术先驱】打出1名随从,是否可以触发鼓舞?",A：不可以。鼓舞要求打出卡牌，随从不属于卡牌。,FND-265、OGN-265,249-251
1106492573155852293-55,第一赛季区域公开赛-广州站赛后判例,1106492573155852293,2025-09-03,常见问题与解答,Q：战斗中没有防守方单位后，进攻方的强攻是否仍然生效？,A：生效。,,252-254
1106492573155852293-56,第一赛季区域公开赛-广州站赛后判例,1106492573155852293,2025-09-03,常见问题与解答,"Q：若我打出闪耀极光后，直到翻至主牌堆最底部的一张卡牌也没有翻出单位卡牌,是否触发燃尽？",A：不触发。,,255-257
1106492573155852293-57,第一赛季区域公开赛-广州站赛后判例,1106492573155852293,2025-09-03,常见问题与解答,Q：我打出此牌时，是否可以只抽牌，不选择摧毁装备？,A：可以。,,258-260
1106492573155852293-58,第一赛季区域公开赛-广州站赛后判例,1106492573155852293,2025-09-03,常见问题与解答,Q：在战斗中打出的【顺劈】赋予的强攻3在何时生效？,A：在【顺劈】结算后的清理阶段生效。,OGN-004,261-263
1106492573155852293-59,第一赛季区域公开赛-广州站赛后判例,1106492573155852293,2025-09-03,常见问题与解答,Q：我打出此牌时，是否算作打出强力单位？,A：不算。,,264-266
1108988045816758312-01,第一赛季区域公开赛-北京站赛后判例,1108988045816758312,2025-09-05,赛事处罚,Q：遗漏触发,A：根据规则，选手多次遗漏同一条件的触发效果，将视为二般错误，受到警告判罚。,,14-15
1108988045816758312-02,第一赛季区域公开赛-北京站赛后判例,1108988045816758312,2025-09-05,赛事处罚,Q：游戏开始时没有放置选定英雄,"A：北京赛中，依然存在选手没有放置选定英雄的错误。我们再次提醒，遗忘放置选定英雄是
一个较为容易发现的游戏流程错
误，相关信息的缺失会导致比赛公平性受到影响。对局开始超过一回合时，任意选手声明某选手的选定英雄区没有放置卡
牌，裁判组将会裁定为单局败北。对手也将受到警告判罚。",,16-20
1108988045816758312-03,第一赛季区域公开赛-北京站赛后判例,1108988045816758312,2025-09-05,卡组检查,Q：（卡组检查）,"A：卡组检查时，选手备牌应为清晰的0或8张。若选手提交备牌至裁判时存在8张以外的卡牌，或从多于8张的卡牌中挑选
出8张备牌，将视为卡组卡表不一致。裁判组将根据情节严重程度给与单局败北及以上的判罚。
2．卡组检查时，选手卡表中没有备牌，但实际卡组中存在备牌的情况，裁判组将根据情节严重程度给与单局败北及以上的
判罚。且选手无法在本次比赛中使用备牌。若此情况多次发生，裁判组将视为作弊行为，给予取消比赛资格及以上的判
罚。",,0-0
1108988045816758312-04,第一赛季区域公开赛-北京站赛后判例,1108988045816758312,2025-09-05,赛事组温馨提示,Q：（赛事组温馨提示第2条）,"A：选手完成比赛核销后，将无法更改卡表内容。请选手在参赛前仔细核对填报的卡表信息与将在赛会中使用的卡组一致
另外，修改比赛卡表的功能在官方小程序“我的活动”中，请注意修改卡表后需要再次上传活动卡组，不要因此导致比赛
受到影响。

淘汰赛和直播桌区域除当前比赛选手和工作人员外，其他人员需要保持距离,否则将可能受到判罚。严禁在赛场中记录",,31-32
1108988045816758312-05,第一赛季区域公开赛-北京站赛后判例,1108988045816758312,2025-09-05,赛事组温馨提示,Q：（赛事组温馨提示第3条）,"A：拍摄、传播选手卡表、战术等信息,如有违规将可能导致严重判罚。
选手晋级16强后，每场对局都会有裁判1对1监督比赛全程。",,33-35
1108988045816758312-06,第一赛季区域公开赛-北京站赛后判例,1108988045816758312,2025-09-05,赛事组温馨提示,Q：（赛事组温馨提示第5条）,"A：时间。如不需要参与颁奖仪式，可向现场工作人员提出，完成离场手续后选手可自由行动。
赛季区域公开赛南部赛区（广州）赛后的相关判例也已于BiliBili符文战场官方账号和符文战场官方小程序",,36-51
1108988045816758312-07,第一赛季区域公开赛-北京站赛后判例,1108988045816758312,2025-09-05,常见问题与解答,Q：【天声震落】的效果结算与移动会中存在几次清理？,A：一次，在【天声震落】全部效果结算完成后执行。,OGN-250,54-56
1108988045816758312-08,第一赛季区域公开赛-北京站赛后判例,1108988045816758312,2025-09-05,常见问题与解答,Q：【沃利贝尔（雄浑巨力）】不在战场时，其技能能否被触发？,A：不能。,OGN-158,57-63
1108988045816758312-09,第一赛季区域公开赛-北京站赛后判例,1108988045816758312,2025-09-05,常见问题与解答,Q：我方【沃利贝尔（雄浑巨力）】在战场A时，对手将3个单位一起移动至战场B，我方抽几张牌？,A：一张。,OGN-158,57-63
1108988045816758312-10,第一赛季区域公开赛-北京站赛后判例,1108988045816758312,2025-09-05,常见问题与解答,Q：我方【沃利贝尔（雄浑巨力）】在战场A时，对手将3个单位分别移动至战场B，我方抽几张牌?,A：三张。,OGN-158,57-63
1108988045816758312-11,第一赛季区域公开赛-北京站赛后判例,1108988045816758312,2025-09-05,常见问题与解答,Q：当前不存在战斗，对手移动单位进入空战场时，我能否打出加农炮幕。,A：可以，但不会造成实际效果。,,64-66
1108988045816758312-12,第一赛季区域公开赛-北京站赛后判例,1108988045816758312,2025-09-05,常见问题与解答,"Q：当我打出【大副】时,场上只存在对手的【奇亚娜（所向披靡）】，我是否必须选择将【奇亚娜（所向披靡）】活跃，并在选择时支付法盾费用？","A：是的。
【奇亚娜（所向披靡）】",OGN-132、OGN-155,67-71
1108988045816758312-13,第一赛季区域公开赛-北京站赛后判例,1108988045816758312,2025-09-05,常见问题与解答,Q：奇亚娜的“当我征服一处战场时”效果，抽牌与召出休眠符文的选择，是在触发时进行，还是在结算时进行？,A：结算时。,,72-74
1111662951442415632-01,第一赛季区域公开赛-重庆站赛后判例,1111662951442415632,2025-09-12,卡组检查,Q：（卡组检查）,"A：重庆赛中，依然出现了玩家放置比赛卡组的同空间中存在卡组表以外卡牌的情况。我们再次提醒，卡组检查时，选手备卡
应为清晰的0或8张。若选手提交备卡至裁判时存在8张以外的卡牌，或从多于8张的卡牌中挑选出8张备卡，将视为卡组卡
表不一致。裁判组将根据情节严重程度给予单局败北及以上的判罚。",,0-0
1111662951442415632-02,第一赛季区域公开赛-重庆站赛后判例,1111662951442415632,2025-09-12,赛事组温馨提示,Q：（赛事组温馨提示第2条）,"A：回合开始的标准顺序为，唤醒阶段，开始阶段(包含回合开始时触发的效果、据守得分及据守时触发的效果），召出阶段
抽牌阶段。当玩家召出符文时，将默认为开始阶段被跳过，这可能导致游戏错误，请玩家们留意。
选手完成比赛核销后，将无法更改卡表内容。请选手在参赛前仔细核对填报的卡表信息与将在赛会中使用的卡组一致。

另外，修改比赛卡表的功能在官方小程序“我的活动”中，请注意修改卡表后需要再次上传活动卡组，不要因此导致比赛
受到影响。
赛季区域公开赛南部赛区（广州）、北部赛区（北京）赛后的相关判例也已于bilibili符文战场官方账号和符文",,20-24
1111662951442415632-03,第一赛季区域公开赛-重庆站赛后判例,1111662951442415632,2025-09-12,常见问题与解答,"Q：在战斗结算时，场上我方存在战力为8（【无极剑圣（入门）】提供战力+2）的【易（锋芒毕现）】，场上对手存在1名战力为1的【警觉的哨兵】1名战力为2的【忠实的工坊主】以及1名战力为5的【艾克（溯时洄光）】。我能否给对手的【忠实的工坊主】分配8点伤害,从而不摧毁对手的【警觉的哨兵】和【艾克（溯时洄光）】？","A：不可以，你不可以对单位分配超过其战力的伤害（战力为“0""的单位除外)。",OGS-019、OGS-009、OGN-096、OGN-211、OGN-110,28-34
1111662951442415632-04,第一赛季区域公开赛-重庆站赛后判例,1111662951442415632,2025-09-12,常见问题与解答,Q：本回合中，我打出了【帝国谕令】，在战斗结算时，我方场上有1名战力为3的【先锋队长】，对手场上存在3名战力为8的【苍炎守护者】，我能否给每名【苍炎守护者】分配1点伤害，从而将3名【苍炎守护者】全部摧毁？,A：不可以。,OGN-221、OGN-218、OGN-082,28-34
1111662951442415632-05,第一赛季区域公开赛-重庆站赛后判例,1111662951442415632,2025-09-12,常见问题与解答,Q：奇亚娜的“当我征服一处战场时”效果，抽牌与召出休眠符文的选择，是在触发时进行，还是在结算时进行？,A：结算时。,,35-37
1114291471444344833-01,第一赛季区域公开赛-杭州站赛后判例,1114291471444344833,2025-09-19,,Q：（）,A：广杭州,,0-0
1114291471444344833-02,第一赛季区域公开赛-杭州站赛后判例,1114291471444344833,2025-09-19,赛事处罚,Q：利用规则,"A：玩家利用规则引诱对手犯错将会受到判罚。玩家应在游戏错误产生的第一时间提醒对手或呼叫裁判,若试图利用对手
的错误造成更严重的游戏错误从而使对手受到严重判罚则会受到警告及以上的判罚。若此违规多次出现，将受到取消
比赛资格及以上的判罚",,0-0
1114291471444344833-03,第一赛季区域公开赛-杭州站赛后判例,1114291471444344833,2025-09-19,常见问题与解答,"Q：【提莫（军事家）】从待命形式打出时,是否能够触发其触发式技能？ 的五张牌。当中每有一张带有【待命】技能的卡牌，就对该单位造成1点伤害，然后将展示的牌回收。 【闪耀极光】【亡花掠食者】【苍炎守护者】","A：不可以，,根据最新官方FAQ的内容，【提莫（军事家）】已修订为：当我防守时，选择名此处的敌方单位，展示你主牌堆顶部",OGN-121、OGN-160、OGN-161、OGN-082,0-0
1114291471444344833-04,第一赛季区域公开赛-杭州站赛后判例,1114291471444344833,2025-09-19,常见问题与解答,Q：当我的场上存在2张【闪耀极光】时，回合结束，2张【闪耀极光】分别展出【亡花掠食者】和【苍炎守护者】，假设对手不做出任何动作，将会发生什么？,"A：当你的回合结束时,2张【闪耀极光】的效果被触发。它们均被加入结算链。
结算第一张【闪耀极光】的效果，展示出【亡花掠食者】，【亡花掠食者】被放入放逐区，然后进行将其打出的第一步一放置到结算链待处理，并在此暂停。
继续第一张【闪耀极光】的结算，回收展示的卡牌。
完成结算链最新效果【亡花掠食者】的打出，你可以选择将其打出到敌方控制的战场。如果你这样做了，此战场将在【亡花掠食者】打出后的清理中标记为“战斗待结算”。战斗将在下一次普通开环状态下的清理中开启。
同理，触发第三张【闪耀极光】的效果并结算，直至打出【苍炎守护者】。
此时战场中虽然有我方的【亡花掠食者】，但这并非你控制的战场，故【苍炎守护者】只能打出到基地。
根据《核心规则》543.2.b,此时结算链被关闭，出现普通开环状态。
在【苍炎守护者】打出完成的清理中，战斗开启。
此时触发【苍炎守护者】的打出时效果,将其添加到新的结算链上。
结算当前结算上的效果，直至回到法术对决开环状态，处理完成。",OGN-160、OGN-161、OGN-082,0-0
1134645362212995072-01,第一赛季全国公开赛（上海）赛后判例,1134645362212995072,2025-11-13,赛事处罚,Q：在对局中丢失卡牌,"A：当玩家于对局过程中发现丢失卡牌(即主牌堆不足39张/符文牌堆不足12张)，需与对手确认游戏开始时牌
堆数量正确。若无法与对手就游戏开始时牌堆数量的问题达成一致，该丢失卡牌的情况，将视为卡组与提交
的卡组表不一致,给与单局判负判罚。
并由当值裁判计时,若于2分钟内找回遗失卡牌，将视为迟到,给与警告判罚。并由当值裁判完成随机化处
理后继续游戏。
若于2分钟以上10分钟以下找回遗失卡牌，将视为本局缺席，给与单局判负判罚。
若于10分钟以上仍未找回遗失卡牌，将视为本轮缺席，给与单轮判负判罚。
*裁判组温馨提示:建议玩家于对局开始前及比赛结束后，与对手确认已方牌堆数量，如有异常及时呼叫裁判协助
处理，避免因此种情况导致的判罚。",,0-0
1134645362212995072-02,第一赛季全国公开赛（上海）赛后判例,1134645362212995072,2025-11-13,卡组检查,Q：透明卡套,"A：《赛事规则》中明确要求，玩家使用的卡套不应为透明。当玩家在对局中被发现主牌堆/符文牌堆使用透明卡套时
当值裁判将给与单局判负判罚，并要求玩家更换卡套以继续比赛。",,0-0
1134645362212995072-03,第一赛季全国公开赛（上海）赛后判例,1134645362212995072,2025-11-13,常见问题与解答,Q：若我选择摧毁此装备，是否可以从废牌堆中再将它回收?,"A：不可以。最新《核心规则》中明确了激活主动技能及目标选择的相关内容。
宣告激活主动技能后，与打出卡牌相似,需先做出选择，后支付费用。选择时【未来熔炉】尚未作为费用被摧毁以进入废牌堆，故无法选择其为目标。",OGN-212,37-41
1134645362212995072-04,第一赛季全国公开赛（上海）赛后判例,1134645362212995072,2025-11-13,常见问题与解答,Q：当我的场上存在2张【闪耀极光】时，回合结束，2张【闪耀极光】分别展示出【亡花掠食者】和【苍炎守护者】，假设对手不做出任何动作，将会发生什么？,"A：当你的回合结束时，2张【闪耀极光】的效果被触发。它们均被加入结算链待处理按照添加至结算链的顺序，依次确认2张【闪耀极光】的效果。
结算【闪耀极光】B的效果一它在结算链上为最新效果，展示出【亡花掠食者】，【亡花掠食者】被放入放逐区，然后将其放置到结算链，待处理。
继续【闪耀极光】B的结算，回收展示的卡牌。
清理，清理中确认待处理的【亡花掠食者】。
你可以选择将【亡花掠食者】打出到敌方控制的战场。如果你这样做了，此战场将在【亡花掠食者】打出后的清同理，处理【闪耀极光】A的效果并结算，直至打出【苍炎守护者】。
此时战场中虽然有我方的【亡花掠食者】，但这并非你控制的战场，故【苍炎守护者】无法打出到该战场。
完成【苍炎守护者】的确认并入场时触发【苍炎守护者】的打出时效果，将其添加到结算链上待处理。
清理，清理中确认待处理的【苍炎守护者】的打出时效果。
结算该效果。
清理，此时结算链上已无任何效果待处理,回合为普通开环状态，战斗开启，处理完成。",OGN-160、OGN-161、OGN-082,42-57
1134645362212995072-05,第一赛季全国公开赛（上海）赛后判例,1134645362212995072,2025-11-13,常见问题与解答,"Q：我对自已的单位使用【背水一战】后，在下个回合开始时，【瞬息】效果触发并结算，但由于【中娅沙漏】的效果使我的单位被召回至基地并未摧毁。接下来如双方均无其他操作，将发生什么？
A【背水一战】给与的战力增幅限定为本回合内，但【瞬息】效果将永久保持，故此单位将在下个回合开始阶段由于【瞬息】效果被摧毁。",A：（见判例原文）,OGN-069、OGN-077,58-62
1134645362212995072-06,第一赛季全国公开赛（上海）赛后判例,1134645362212995072,2025-11-13,常见问题与解答,Q：我对【幻梦之树】上已方的【旅行商人】使用一张【战或逃】后，将发生什么？,"A：【战或逃】放置到结算链上,成为待处理效果。
确认【战或逃】的效果，选择已方【旅行商人】。
触发【幻梦之树】的效果，将其加入结算链成为待处理效果。
清理，确认【幻梦之树】的效果。
结算【幻梦之树】的效果,抽一张牌。
结算【战或逃】的效果，移动【旅行商人】。
触发【旅行商人】的效果，将其加入结算链成为待处理效果。。
清理，确认【旅行商人】的效果。
结算【旅行商人】的效果。",OGN-292、OGN-185、OGN-168,74-84
1134645362212995072-07,第一赛季全国公开赛（上海）赛后判例,1134645362212995072,2025-11-13,常见问题与解答,Q：【卑鄙之喉的巢穴】【战或逃】,"A：虽然【卑鄙之喉的巢穴】禁止将基地作为移动的目的地。但【战或逃】的效果已经明确目的地为基地，玩家不需进行自的地选择，不受到【卑鄙之喉的巢穴】效果(无法以基地作为移动目的地)影响,所以【战或逃】可以被打出。
但由于【卑鄙之喉的巢穴】的效果，此次移动无法被完成。
综上，待命在【卑鄙之喉的巢穴】的【战或逃】可以被打出，但无法将单位移动至基地。",OGN-295、OGN-168,85-89
1134645362212995072-08,第一赛季全国公开赛（上海）赛后判例,1134645362212995072,2025-11-13,常见问题与解答,Q：在场上不存在任何装备时，我能否打出【废物利用】，并因其效果抽一张牌？,A：在最新勘误中，【废物利用】的效果增加了“至多”字样，故【废物利用】能在不存在任何装备时打出，并因其效果抽张牌,OGN-224,90-93
1160282840232886273-01,第二赛季区域公开赛-福州站赛后判例,1160282840232886273,2026-01-21,赛事处罚,Q：裁判介入,"A：当裁判认为玩家对局中疑似存在游戏错误时,裁判有权在任何时刻介入比赛
并询问具体游戏情况。主动对不规范/错误的游戏内容进行修正，并给出相应判罚
与补时。",,14-17
1160282840232886273-02,第二赛季区域公开赛-福州站赛后判例,1160282840232886273,2026-01-21,常见问题与解答,Q：对方能否因【德莱文（艺高胆大）】的技能获得“赢得战斗”的1分?,A：可以。,SFD-148,19-53
1160282840232886273-03,第二赛季区域公开赛-福州站赛后判例,1160282840232886273,2026-01-21,常见问题与解答,Q：【德莱文（艺高胆大）】因【帝国谕令】的效果被摧毁后，“当我在战斗中被摧毁时”效果会触发吗?,"A：不会。
关于此判例：裁判团队经现行规则推理作出后于官方FAQ发布当日立即与设计师沟通并确认，符合现行规则与设计意图。具体结算方式的规则细节将在下一次官方核心规则更新中进一步明确。为保障本赛季区域公开赛4场赛事裁定标准一致，将都采用这一结果执行裁定。
己，【狂热粉丝】【德莱文（血斧飞旋）】【劫掠船巷】",SFD-148、OGN-221、SFD-128、SFD-020、OGN-285,19-53
1160282840232886273-04,第二赛季区域公开赛-福州站赛后判例,1160282840232886273,2026-01-21,常见问题与解答,Q：我方的【狂热粉丝】和【德莱文（血斧飞旋）】共同防守【劫掠船巷】，当敌方单位进攻【劫掠船巷】时，上述卡牌及其效果会以什么顺序进行结算？,"A：【狂热粉丝】的技能、【德莱文（血斧飞旋）】的技能、【劫掠船巷】的技能会作为这场战斗的防守触发在同一时点满足触发条件，由防守方自排触发顺序。【狂热粉丝】的技能在确认时选择目标,在结算时选择是否摧毁自己以此移动敌方单位；
【德莱文（血斧飞旋）】的技能在确认时无需做出选择,在结算时选择是否支付[R],如果支付则获得战力+2；劫掠船巷的技能在确认时选择目标，在结算时选择是否移动。",SFD-128、SFD-020、OGN-285,19-53
1160282840232886273-05,第二赛季区域公开赛-福州站赛后判例,1160282840232886273,2026-01-21,常见问题与解答,Q：我方【德莱文（血斧飞旋）】进攻敌方【狂热粉丝】独自防守的战场，【德莱文（血斧飞旋）】斧飞旋】的技能和【狂热粉丝】的技能会以什么顺序进行结算？,"A：【德莱文（血斧飞旋）】作为进攻方,其技能先触发；【狂热粉丝】作为防守方,其技能后触发但先结算。
的技能结算后战斗会结束吗？
不会结束，此时仍处于战斗开启的法术对决中。",SFD-020、SFD-128,54-60
1160282840232886273-06,第二赛季区域公开赛-福州站赛后判例,1160282840232886273,2026-01-21,常见问题与解答,"Q：某战场中战斗开启的法术对决正在进行，此时通过驭风而行进入该战场的【德莱文（血斧飞旋）】,在本场战斗中首次获得了进攻方(防守方)身份,其技能会触发吗?",A：会触发。,SFD-020,75-83
1160282840232886273-07,第二赛季区域公开赛-福州站赛后判例,1160282840232886273,2026-01-21,常见问题与解答,"Q：某战场中战斗开启的法术对决正在进行，此时通过【驭风而行】进入该战场的【德莱文（血斧飞旋）】,在本场战斗中再次获得了进攻方(防守方)身份,其技能会触发吗？",A：不会触发。,OGN-173、SFD-020,75-83
1160282840232886273-08,第二赛季区域公开赛-福州站赛后判例,1160282840232886273,2026-01-21,常见问题与解答,"Q：我方传奇是【荣耀行刑官】，,我方单位移动进一处开放战场开启了法术对决，对方在该法术对决中通过【驭风而行】将一名敌方单位移动到该战场,我方在该法术对决中通过【战或逃】将该敌方单位移动回基地，此后双方均让过法术对决。在我方征服得分前，【荣耀行刑官】的技能会触发吗?","A：不会触发,因为上述情景中并未发生战斗。【驭风而行】成功结算后战斗待发生，【战或逃】成功结算后战斗不再处于待发生状态。",SFD-185、OGN-173、OGN-168,84-90
1160282840232886273-09,第二赛季区域公开赛-福州站赛后判例,1160282840232886273,2026-01-21,常见问题与解答,Q：当我贴附有【阿瑞昂的陨落】和一件【三相之力】的单位在【清算人竞技场】完成征服时，我获得几分？,A：2分。,SFD-030、SFD-115、OGN-286,105-113
1160282840232886273-10,第二赛季区域公开赛-福州站赛后判例,1160282840232886273,2026-01-21,常见问题与解答,"Q：当我贴附有【阿瑞昂的陨落】和一件【三相之力】的单位在【清算人竞技场】完成据守时,我获得几分？","A：3 分。
赛事的热情和期待致以最诚挚的感谢。",SFD-030、SFD-115、OGN-286,105-113
1163166481226137616-01,第二赛季区域公开赛-成都站赛后判例,1163166481226137616,2026-01-29,赛事处罚,Q：游戏行动过慢,"A：当裁判认为玩家对局中思考时间过长，或整体对局操作节奏缓慢时，有权主
动介入提醒。若提醒后情况仍未改变，裁判将给出【警告】判罚，累积的【警告】判罚
可能导致【单局判负】。",,14-17
1163166481226137616-02,第二赛季区域公开赛-成都站赛后判例,1163166481226137616,2026-01-29,常见问题与解答,Q：我方贴附了【先锋之眼】的【黄沙士兵】移动至战场时，对手反应打出【罡风】】使我的【黄沙士兵】离场，我能否因【先锋之眼】的效果打出一名【随从】到战场？,A：不能，【先锋之眼】的效果文本描述为“当我移动时，在此处打出一名1战力的‘随从””。【罡风】结算后，【先锋之眼】效果文本中“此处”的信息已丢失。,SFD-153、SFD-T02、OGN-169、VEN-T04,19-28
1163166481226137616-03,第二赛季区域公开赛-成都站赛后判例,1163166481226137616,2026-01-29,常见问题与解答,Q：我方基地存在贴附【先锋之眼】的【黄沙士兵】，我方使用战场上【阿兹尔（飞升者）】升者】的<迅捷>技能，将【阿兹尔（飞升者）】和【黄沙士兵】换位并贴附【先锋之眼】，此时能否打出【随从】？如可以，打出到什么位置？,A：可以打出随从，先锋之眼的效果被黄沙士兵的移动触发，随从被打出到战场。,SFD-153、SFD-T02、SFD-050、VEN-T04,19-28
1163166481226137616-04,第二赛季区域公开赛-成都站赛后判例,1163166481226137616,2026-01-29,常见问题与解答,"Q：分配战斗伤害后的战斗清理中，我方的戈拉斯克调酒师和坏坏魄罗）在我方控制的战场同时被摧毁,我能否在后续结算【戈拉斯克调酒师】的<绝念>效果时将此【坏坏魄罗】重新打出到这个战场?","A：可以,如对方单位在场，则在确立此战场控制权归属前，,开启第二次战斗。
赛事的热情和期待致以最诚挚的感谢。",SFD-165、SFD-069,43-49
1165431670649651201-01,第二赛季区域公开赛-大连站赛后判例,1165431670649651201,2026-02-04,赛事处罚,Q：（支付错误费用及补救措施的裁定,"A：根据赛事规则702.9.b.1，玩家支付错误费用后，裁判应回溯游戏至该卡牌打出前
的时刻。
而关于卡牌打出前时刻的定义,根据核心规则346-394,打出卡牌前的最后步骤
是支付总费用。详情如下：
1.将要打出的卡牌从其所在区域移除,然后放到结算链上。",,14-19
1165431670649651201-02,第二赛季区域公开赛-大连站赛后判例,1165431670649651201,2026-02-04,赛事处罚,Q：（赛事处罚第2条）,A：做出必要的选择。,,20-20
1165431670649651201-03,第二赛季区域公开赛-大连站赛后判例,1165431670649651201,2026-02-04,赛事处罚,Q：（赛事处罚第3条）,A：确定总费用。,,21-21
1165431670649651201-04,第二赛季区域公开赛-大连站赛后判例,1165431670649651201,2026-02-04,赛事处罚,Q：（赛事处罚第4条）,A：支付卡牌费用。,,22-22
1165431670649651201-05,第二赛季区域公开赛-大连站赛后判例,1165431670649651201,2026-02-04,赛事处罚,Q：（赛事处罚第5条）,A：检查合法性。,,23-23
1165431670649651201-06,第二赛季区域公开赛-大连站赛后判例,1165431670649651201,2026-02-04,赛事处罚,Q：（赛事处罚第6条）,"A：在结算链上确认此卡牌,并按照卡牌的打出类别继续进行。
其中，,常驻牌在确认时将直接离开结算链,进入其选择的位置,变为游戏物体。此
时，常驻牌视为打出
在此常驻牌打出前,玩家参与的最后一个游戏步骤为【支付卡牌费用】,所以裁定
回溯游戏至此刻。
这时玩家打出卡牌的位置已经完成选择并确定，无法更换。
以上裁定依据裁判组提前制定的回溯游戏标准作出，并在过往赛事中以此标准统
一要求,并且将在本赛季区域公开赛中继续沿用;该标准是否在未来赛事中依旧
沿用，需等待官方规则进一步更新明确。",,24-32
1165431670649651201-07,第二赛季区域公开赛-大连站赛后判例,1165431670649651201,2026-02-04,常见问题与解答,"Q：我方废牌堆中存在【裂魂者喇煞】，废牌堆在包含【裂魂者喇煞】的情况下，共计6张卡牌。此时我因【临终仪式】的效果,将打出裂魂者喇煞】,我该支付多少费用？","A：5法力费用，1混沌符能费用。打出卡牌的第一步为：“将要打出的卡牌从其所在区域移除,然后放到结算链上。”此时裂魂者喇煞】已离开废牌堆,废牌堆卡牌共计5张。这意味着在之后的确定费用步骤,废牌堆的卡牌数量仍为5张,故(裂魂者喇煞】的效果只能减少5法力费用。",OGN-195、SFD-150,47-57
1165431670649651201-08,第二赛季区域公开赛-大连站赛后判例,1165431670649651201,2026-02-04,常见问题与解答,Q：若此时我的费用不足，裂魂者喇煞)无法打出，裂魂者喇煞)应在哪个游戏区域?,A：废牌堆。临终仪式的效果并未指示玩家将选择的卡牌移至放逐区。,,47-57
1165431670649651201-09,第二赛季区域公开赛-大连站赛后判例,1165431670649651201,2026-02-04,常见问题与解答,Q：我方主牌堆剩余两张卡牌，此时我使用【预判攻势】并进行<回响>，会【燃尽】吗？,A：不会，两张卡牌均会加入手牌。,SFD-122,58-66
1165431670649651201-10,第二赛季区域公开赛-大连站赛后判例,1165431670649651201,2026-02-04,常见问题与解答,"Q：我方主牌堆剩余一张卡牌，此时我使用【预判攻势】并进行<回响>,会【燃尽】吗？","A：会,会先将主牌堆中唯一的一张卡加入手牌,然后在执行<回响>前进行【燃尽】流程,最后再执行【预判攻势】的<回响>查看主牌堆顶部两张卡,抽取其中张然后回收另一张卡牌。",SFD-122,58-66
1165431670649651201-11,第二赛季区域公开赛-大连站赛后判例,1165431670649651201,2026-02-04,常见问题与解答,"Q：我方单位正在进攻一处对方防守的战场,此时我使用【扑咚！】能否选择对手正在防守中的单位?","A：不可以。【扑咚！】只能眩晕一名进攻方单位。由于此时【扑咚！】已经被放置到结算链,玩家只能选择战场上正在进攻的已方单位作为【扑咚！】的合法目标并眩晕该单位。若此时玩家发现错误支付【扑咚！】费用，应修正其费用支付,并按照已作出的选择完成此法术的结算。",SFD-040,81-87
1165431670649651201-12,第二赛季区域公开赛-大连站赛后判例,1165431670649651201,2026-02-04,常见问题与解答,"Q：我方【坏坏魄罗】征服【月帷祭坛】时,是否可以通过【月帷祭坛】的效果将【坏坏魄罗】效果打出的【金币】指示物变为活跃状态?","A：不可以。尽管【坏坏魄罗】和【月帷祭坛】的技能同时触发,其操控者可以自选两个技能加入结算链的顺序,但无论将哪个技能先放入结算链，月惟祭坛】的技能都要在确认时选择目标友方装备,而此时【坏坏魄罗】的技能尚未完成结算，【金币】指示物尚未被打出，因此无法通过【月帷祭坛】的效果将之后打出的【金币】指示物变为活跃状态。
赛事的热情和期待致以最诚挚的感谢。",SFD-069、SFD-221、SFD-T03、UNL-T05、VEN-T02,88-97
1168377215052677145-01,第二赛季区域公开赛-南京站赛后判例,1168377215052677145,2026-02-12,常见问题与解答,"Q：【阿克尚（放浪不羁）】B先被摧毁,此时【长剑】位于何处?控制权属于哪方?","A：【长剑】贴附于【阿克尚（放浪不羁）】C,控制权属于我方。",SFD-109、SFD-022,14-21
1168377215052677145-02,第二赛季区域公开赛-南京站赛后判例,1168377215052677145,2026-02-12,常见问题与解答,"Q：随后【阿克尚（放浪不羁）】C被摧毁,此时【长剑】位于何处?控制权属于哪方？","A：【长剑】此时位于我方基地,控制权属于我方。",SFD-109、SFD-022,14-21
1168377215052677145-03,第二赛季区域公开赛-南京站赛后判例,1168377215052677145,2026-02-12,常见问题与解答,"Q：我方使用【罪恶快感】选择战场上的敌方单位为目标，此时对方反应打出【闪现】选择该单位为目标并成功结算。此时我方【罪恶快感】目标丢失,结算【罪恶快感】恶快感)时,仍需弃置一张手牌吗?","A：需要。【罪恶快感】的文本与【虚空索敌】模式相同,目标丢失时仍需弃置手牌。",OGN-008、OGS-011、OGN-024,22-27
1168377215052677145-04,第二赛季区域公开赛-南京站赛后判例,1168377215052677145,2026-02-12,常见问题与解答,"Q：我方征服【传奇殿堂】时，能否通过自行决定加入结算链顺序的操作使休眠的（虚空遁地兽】因传奇殿堂）的效果活跃，并再次休眠虚空遁地兽】以展示主牌堆顶的两张牌,打出其中一张,回收另一张?","A：可以。
赛事的热情和期待致以最诚挚的感谢。",SFD-210,42-48
1177978964457553924-01,规则更新和禁卡规划的说明,1177978964457553924,2026-03-10,,Q：符文战场关于规则更新和禁卡规划的说明,"A：关干规则更新和禁卡规划的说明
先放上省流版结论，需要了解更多详情的朋友，可以直接往下翻阅完整内容！
1：我们正在讨论未来是否会因某些过于强势的打法套路而禁用部分卡牌。不过，现阶
段尚无任何具体的禁卡名单，我们也尚未确定具体的禁卡实施时间。
2：3月30日将发布一份独立的规则更新，内容包括下个系列“破限”所引入的新机制，
以及关于判罚、裁判回溯、极端情况等问题的进一步阐释。
自“铸魂淬炼”系列上线以来，我们一直在关注游戏环境的演变，重点观察了CN赛区举行
的四场区域公开赛，以及博洛尼亚和拉斯维加斯的地区资格赛等重大赛事。同时，我们也在持
续留意某些玩法策略是否变得过于强势，或者是否带来负面的游戏体验。我们先前承诺过，一
旦考虑实施禁卡，会第一时间向大家同步。基于目前的观察结果，我们已经在内部展开了关于
禁卡可能性的讨论。
正如上个月所分享的那样（链接请见评论区），我们的理念始终是：禁牌只能作为最后手
段。假如要让一张卡牌彻底退出环境，我们必须得有明确和充分的理由，并且必须确保该举措
能显著改善玩家的游戏体验。我们的目标是采取审慎的做法，确保每个系列中都有尽可能多的
卡牌能在当前环境中拥有一席之地。如果我们确实在各个层级的比赛中观察到了值得观察和审
视的趋势。
我们正持续观祭游戏坏境的演变并分析相关数据，自前尚未做出最终决定。任何改动都将
等到3月下旬的深圳全国公开赛结束后才会公布。正如我们此前承诺的那样，我们绝不会在重
大赛事临近时作出大幅改动，以确保玩家有足够的时间进行测试并调整卡组战术。
此外，我们将在3月30日发布一次规则更新。本次更新除了为“破限”系列的新机制提供
规则支持外，还会针对判罚措施、裁判回溯、规则歧义以及其他极端情况作出更清晰的界定。
在这些更新正式发布前，不同地区赛事之间的裁决可能仍会存在细微差异，请各位玩家继续遵
循当地裁判提供的裁决。
今天的分享就到这里！能看到我们的社区日益壮大，见证全球各地的玩家不断构筑出新奇
的的卡组与打法，我和整个《符文战场：英雄联盟对战卡牌》团队都非常乐在其中。欢迎大家
继续向我们踊跃抛出各种问题、建议与反馈。我们会尽最大努力，继续以这种透明、积极的方
式为大家同步最新资讯，再次感谢大家一直以来的支持！",,1-9999
1184426593019232338-01,第二赛季全国公开赛赛后判例,1184426593019232338,2026-03-27,常见问题与解答,Q：（常见问题与解答第①条）,"A：【阿兹尔（帝君）】（以下简称【阿兹尔（帝君）】）、【恶意收购】
我方【阿兹尔（帝君）】进攻对方一处战场，触发【阿兹尔（帝君）】的技能并选择将5名
我方【黄沙士兵】移动到此战场。对方在【阿兹尔（帝君）】技能结算前
待命打出【恶意收购】并获得【阿兹尔（帝君）】的控制权，之后已经位于结算链
上【阿兹尔（帝君）】的技能将如何结算？
【阿兹尔（帝君）】的技能将会正常结算，我方将5名【黄沙士兵】移动到此战场，
战斗继续。",SFD-177、SFD-202、SFD-T02,12-18
1184426593019232338-02,第二赛季全国公开赛赛后判例,1184426593019232338,2026-03-27,常见问题与解答,Q：【德莱文（艺高胆大）】,"A：我方战场上有【德莱文（艺高胆大）】A和【德莱文（艺高胆大）】B，对方【铁甲先锋】进攻此战场，双方法术对决期间均无操作。对方选择分配全部伤害给【德莱文（艺高胆大）】A，战斗结束后将如何进行结算？
先结算【德莱文（艺高胆大）】B的赢得战斗技能，我方获得一分；再结算【德莱文（艺高胆大）】A的在战斗中被摧毁技能，对方获得一分。",SFD-148、SFD-021,19-24
1184426593019232338-03,第二赛季全国公开赛赛后判例,1184426593019232338,2026-03-27,判罚相关,Q：（判罚相关第①条）,"A：关于选手忘记将选定英雄从主牌堆中取出并放入选定英雄区域的判罚
如果任何选手或裁判在抽取起始手牌前发现该错误，尽可能将卡组恢复至
正确状态，然后指示选手继续游戏。
如果在抽取起始手牌后发现错误，若该错误是由对手发现，则给予犯错选手
【单局判负】判罚。如果由犯错选手自己或裁判发现，需由裁判判断局面是
否可以被轻易复原，如不能，给予犯错选手【单局判负】判罚，由于对手未
及时发现并指出游戏错误，同时给予对手【警告】判罚；如可以，复原场面
后给予双方选手【警告】判罚并指示选手继续游戏。
裁判组提醒：在对局中所有选手有义务留意双方场面情况，互相提醒避免任
意一方出现游戏错误，并在对局过程中与对手进行积极友好的沟通。",,35-44
1184426593019232338-04,第二赛季全国公开赛赛后判例,1184426593019232338,2026-03-27,判罚相关,Q：关于以不当方式决定胜负的判罚,"A：在本场全国公开赛中出现较多试图使用使用不当方式决定胜负（包括但不限
于郑硬币、掷殷子或进行其他游戏），如果参与此类违规行为，视情况不同
将可能会造成最高【取消资格】甚至【禁赛】等判罚。
根据规则，提出或接受以不当方式决定胜负的提议，即视为参与了此类违
规行为。
裁判组提醒：所有召唤师在面对对手提出任何违规提议时需要严肃拒绝，及
时呼叫裁判处理，如未表达明确拒绝，将由裁判调查实际情况给出最终判罚
结果。",,45-53
1204434245046501409-01,第三赛季区域公开赛-苏州站赛后判例,1204434245046501409,2026-05-20,常见问题与解答,Q：此时结算【月之降临】能将单位C移动至战场a吗?,A：不能。,UNL-198,12-19
1204434245046501409-02,第三赛季区域公开赛-苏州站赛后判例,1204434245046501409,2026-05-20,常见问题与解答,Q：此时结算【月之降临】能让战场a的对方单位B战力-2吗？,A：不能。,UNL-198,12-19
1204434245046501409-03,第三赛季区域公开赛-苏州站赛后判例,1204434245046501409,2026-05-20,常见问题与解答,Q：我方打出【牺牲】选择摧毁【峡谷先锋】作为额外费用，【峡谷先锋】的<绝念>和【牺牲】如何结算？,"A：先结算【峡谷先锋】的<绝念>,再结算【牺牲】。",UNL-173、UNL-179,20-23
1204434245046501409-04,第三赛季区域公开赛-苏州站赛后判例,1204434245046501409,2026-05-20,常见问题与解答,Q：我方【卡银娜·薇蕊泽】移动到敌方控制的战场，对方反应【卡银娜·薇蕊泽】的技能打出【卡兹克（恐怖畸变）】，【卡兹克（恐怖畸变）】的技能是否会触发，让其战力+2并获得2经验？,"A：不能,打出【卡兹克（恐怖畸变）】时还未开启战斗,因此其技能不会在此时触发。待【卡银娜·薇蕊泽】的技能结算后战斗开启，【卡兹克（恐怖畸变）】获得防守方身份，但此时已不满足其触发式技能的额外条件。",SFD-179、UNL-143,24-30
1204434245046501409-05,第三赛季区域公开赛-苏州站赛后判例,1204434245046501409,2026-05-20,常见问题与解答,"Q：我方基地有【中娅沙漏】和【奥恩（铁匠）】,我打出【厄塔汗】选择摧毁【奥恩（铁匠）】铁匠】作为额外费用，【奥恩（铁匠）】因为【中娅沙漏】的技能被召回,我是否可以支付5法力2符能打出【厄塔汗】？",A：可以。,OGN-077、SFD-058、UNL-170,42-46
1204434245046501409-06,第三赛季区域公开赛-苏州站赛后判例,1204434245046501409,2026-05-20,常见问题与解答,"Q：我方基地有【中娅沙漏】和单位A,我打出【莱卓斯指挥官】选择摧毁单位A作为额外费用，单位A因为【中娅沙漏】的技能被召回，我是否可以支付6法力3符能打出【莱卓斯指挥官】?",A：可以。,OGN-077、OGN-231,47-51
1204434245046501409-07,第三赛季区域公开赛-苏州站赛后判例,1204434245046501409,2026-05-20,常见问题与解答,"Q：我方基地有【中娅沙漏】和单位A、B,此时我方打出【断魂一扼】选择单位A(摧毁目标)和单位B,结算时单位A因为【中娅沙漏】的技能被召回,单位B可以增加战力吗？",A：不可以。,OGN-077、SFD-163,52-56
1204434245046501409-08,第三赛季区域公开赛-苏州站赛后判例,1204434245046501409,2026-05-20,常见问题与解答,"Q：我方基地有【中娅沙漏】和单位A,我打出【残酷复活】选择摧毁单位A作为额外费用，并选择废牌堆中的单位B作为目标,单位A因为【中娅沙漏】的技能被召回，结算时我是否可以打出单位B？",A：不可以，残酷复活】在结算时无法读取<被摧毁单位>的费用信息，因此无法打出。,OGN-077、UNL-142,57-62
1204434245046501409-09,第三赛季区域公开赛-苏州站赛后判例,1204434245046501409,2026-05-20,常见问题与解答,Q：我方基地有【中娅沙漏】和单位A，我激活【海兽钓钩】的技能选择摧毁单位A，结算时单位A因为中娅沙漏】的技能被召回，我是否可以打出查看的卡牌中一名战力比单位A最多高1点的单位？,A：不可以，【海兽钓钩】的技能在结算时无法读取<被摧毁单位>的战力信息，因此无法打出任何单位卡牌。,OGN-077、OGN-242,75-80
1204434245046501409-10,第三赛季区域公开赛-苏州站赛后判例,1204434245046501409,2026-05-20,判罚相关,Q：关于贿,"A：贿赂行为涵盖任何试图影响比赛的行动，而不仅限于最终结果。
禁止玩家以一场对局或比赛结果、游戏内行动或退出比赛为交换条件来共
享当前赛事尚未发放的奖品，一旦产生以上行为双方将受到最高【禁赛】的处
罚。
裁判组提醒：
所有召唤师在面对对手提出任何违规提议时需要严肃拒绝，及时呼叫裁判处
理，如未表达明确拒绝，将由裁判调查实际情况给出最终判罚结果。
赛事的热情和期待致以最诚挚的感谢。",,82-91
1207047303099056151-01,第三赛季区域公开赛-西安站赛后判例,1207047303099056151,2026-05-27,常见问题与解答,"Q：对方战场有2名3战力单位A、B,对方基地有【中娅沙漏】。我方打出【涌泉之恨】之恨选择摧毁单位A，单位A因为中娅沙漏】的技能被召回，此时我是否可以支付1符能将【涌泉之恨】从废牌堆中打出?",A：可以。,OGN-077、UNL-186,12-16
1207047303099056151-02,第三赛季区域公开赛-西安站赛后判例,1207047303099056151,2026-05-27,常见问题与解答,Q：对方战场有【薇古丝（冷眼旁观）】，我方在回合结束时通过【闪耀极光】打出的单位受到的眩晕会持续到什么时候？,A：这个单位在接下来的对方回合中会维持眩晕，直至对方回合结束步骤开始时失去眩晕状态。（在核心规则相关内容调整前，请以当前判例为准。）,UNL-150、OGN-160,17-21
1207047303099056151-03,第三赛季区域公开赛-西安站赛后判例,1207047303099056151,2026-05-27,常见问题与解答,Q：【彗（焚心绘华）】的根据被弃置卡牌的类型执行效果的技能是否为内嵌式触发技能?,A：是。,UNL-080,22-32
1207047303099056151-04,第三赛季区域公开赛-西安站赛后判例,1207047303099056151,2026-05-27,常见问题与解答,Q：【猛龙摆尾】的内嵌式触发技能和【彗（焚心绘华）】的触发式技能将会如何结算?,A：按照结算链上的顺序倒序结算。先结算【猛龙摆尾】的内嵌式触发技能，再结算【彗（焚心绘华）】因移动导致的触发式技能，最后结算【彗（焚心绘华）】嵌式触发技能。,OGN-258、UNL-080,22-32
1207047303099056151-05,第三赛季区域公开赛-西安站赛后判例,1207047303099056151,2026-05-27,常见问题与解答,Q：我方回合据守【皮城学院】，随后打出【卡牌骗术】并选择<回响>，对方打出【遗弃】选择【卡牌骗术】，【卡牌骗术】回手后，我重新打出【卡牌骗术】，请问我是否还能选择<回响>?,A：不能。,UNL-216、OGN-183、UNL-131,46-50
1207047303099056151-06,第三赛季区域公开赛-西安站赛后判例,1207047303099056151,2026-05-27,常见问题与解答,Q：我方2名【娜美（移海之志）】成功据守一处战场，随后我方可以通过【娜美（移海之志）】移海之志】的技能打出几名活跃单位并给予其增益？,A：1名。,UNL-052,51-54
1207047303099056151-07,第三赛季区域公开赛-西安站赛后判例,1207047303099056151,2026-05-27,常见问题与解答,Q：我方没有控制的战场，我能否打出【前来相助】并选择不打出单位？,A：可以。,SFD-111,55-59
1207047303099056151-08,第三赛季区域公开赛-西安站赛后判例,1207047303099056151,2026-05-27,常见问题与解答,Q：如果可以，此时【拉文布鲁姆学生】能否触发技能使其战力+1?,A：可以。,OGN-103,55-59
1212165186176155648-01,第三赛季区域公开赛-天津站赛后判例,1212165186176155648,2026-06-10,常见问题与解答,Q：【黛安娜（皎月化身）】的技能在确认时支付1法力还是在结算时支付1法力？,A：结算时支付。,UNL-079,12-14
1212165186176155648-02,第三赛季区域公开赛-天津站赛后判例,1212165186176155648,2026-06-10,常见问题与解答,Q：我方【黛安娜（皎月化身）】移动进战场并选择触发技能，此时对方反应打出【罡风】选择【黛安娜（皎月化身）】并成功结算，此时我方在结算【黛安娜（皎月化身）】身的技能时还能支付1法力并执行后续操作吗？,A：可以。,UNL-079、OGN-169,15-19
1212165186176155648-03,第三赛季区域公开赛-天津站赛后判例,1212165186176155648,2026-06-10,常见问题与解答,Q：对方单位移动进空战场开启非战斗法术对决并让过焦点，我方打出驭风而行】选择黛安娜-皎月化身】移动进该战场，是否会触发【黛安娜（皎月化身）】的技能?,A：不会。,UNL-079,20-28
1212165186176155648-04,第三赛季区域公开赛-天津站赛后判例,1212165186176155648,2026-06-10,常见问题与解答,Q：对方单位移动进我方控制的战场开启战斗法术对决并让过焦点，我方打出【驭风而行】选择【黛安娜（皎月化身）】移动进该战场，是否会触发【黛安娜（皎月化身）】化身】的技能？,A：不会。,OGN-173、UNL-079,20-28
1212165186176155648-05,第三赛季区域公开赛-天津站赛后判例,1212165186176155648,2026-06-10,常见问题与解答,Q：我方回合我打出待命的【控潮者】并选择单位A，【控潮者】的效果如何结算？,A：【控潮者】被眩晕且本回合内无法移动，停留在战场上，单位A移动至【控潮者】者)所在的战场。,OGN-199,41-49
1212165186176155648-06,第三赛季区域公开赛-天津站赛后判例,1212165186176155648,2026-06-10,常见问题与解答,Q：对方回合我打出待命的【控潮者】并选择单位A，【控潮者】的效果如何结算?,A：【控潮者】移动至单位A的位置(基地)，单位A移动至【控潮者】原来的位置（战场)，之后【控潮者】被眩晕且本回合内无法移动。,OGN-199,41-49
1212165186176155648-07,第三赛季区域公开赛-天津站赛后判例,1212165186176155648,2026-06-10,常见问题与解答,Q：【蕾欧娜（炽诚者）】的技能是否会触发并眩晕【雷恩加尔（异兽猎手）】？,A：会触发并眩晕【雷恩加尔（异兽猎手）】。,OGN-238、UNL-120,50-59
1212165186176155648-08,第三赛季区域公开赛-天津站赛后判例,1212165186176155648,2026-06-10,常见问题与解答,Q：若双方均无后续操作，谁会征服战场？,"A：雷恩加尔-异兽猎手被眩晕无法造成战斗伤害，战斗无结果。蕾欧娜-炽诚者】作为进攻方会被召回到基地，我方【雷恩加尔（异兽猎手）】会征服战场。
赛事的热情和期待致以最诚挚的感谢。",UNL-120,50-59
1214778244239196213-01,第三赛季区域公开赛-长沙站赛后判例,1214778244239196213,2026-06-17,常见问题与解答,Q：场上只有敌方单位A和我方位于战场上的【派克（深渊再临）】，且本回合没有敌方单位被摧毁过。对方在自己的回合打出【清理门户】，在结算的过程中能否触发派克-深渊再临】的技能？,A：可以。,UNL-145、OGN-209,12-16
1214778244239196213-02,第三赛季区域公开赛-长沙站赛后判例,1214778244239196213,2026-06-17,常见问题与解答,Q：我方【哀哀魄罗】和贴附有【守护天使】的单位A在战斗伤害分配后同时被摧毁，能否触发【哀哀魄罗】的绝念技能?,A：不能。,SFD-036、SFD-051,17-20
1214778244239196213-03,第三赛季区域公开赛-长沙站赛后判例,1214778244239196213,2026-06-17,常见问题与解答,Q：我方单位A位于战场a上，我方单位B进攻对方有【薇古丝（郁郁）】防守的战场b。对方在战斗法术对决中打出驭风而行】选择【薇古丝（郁郁）】移动至战场a并成功结算，此时我方在战场b的战斗中后续打出的法术是否会因为【薇古丝（郁郁）】郁的技能增加1法力和1符能？,"A：不会。【驭风而行】结算后【薇古丝（郁郁）】失去防守方身份,不再处于战斗中。
而战场a的战斗被标记为待发生，需要等待战场b的战斗结束后且回合状态为普通开环状态时才会在清理中开启战场a的战斗，此时【薇古丝（郁郁）】获得进攻方身份，其技能才会重新生效。
赛事的热情和期待致以最诚挚的感谢。",SFD-146、OGN-173,21-31
1228145041509187608-01,第三赛季全国公开赛赛后判例,1228145041509187608,2026-07-23,常见问题与解答,Q：对方单位A进攻我方控制的战场，我方在此战场打出待命的【提莫（军事家）】，此时对方反应【提莫（军事家）】的技能打出【造化弄人】并选择对方基地的单位B和我方【提莫（军事家）】并成功结算，之后【提莫（军事家）】的技能该如何结算？,A：展示主牌堆5张牌并回收。,OGN-121、UNL-128,11-21
1228145041509187608-02,第三赛季全国公开赛赛后判例,1228145041509187608,2026-07-23,常见问题与解答,Q：我方控制的【禁忌荒原】上只有一名【提莫（军事家）】且其上有1点伤害，此时对方单位A进攻【禁忌荒原】，在进入法术对决后【提莫（军事家）】的技能如何结算？,A：在【提莫（军事家）】获得防守方身份的时候，【禁忌荒原】的被动技能会立即生效但不会立即导致【提莫（军事家）】被摧毁，之后【提莫（军事家）】的技能作为待处理项目添加至结算链，在接下来的清理步骤中提莫－军事家】被摧毁，最后【提莫（军事家）】的技能在确认时因为无法做出相关选择而被移除出结算链。,UNL-210、OGN-121,11-21
1228145041509187608-03,第三赛季全国公开赛赛后判例,1228145041509187608,2026-07-23,常见问题与解答,Q：我方3战力单位A征服【流星疗泉】，触发我方【诡术妖姬】的技能打出一名【映像】，并在之后的内嵌式触发中选择单位A，此时对方反应打出【罡风】并选择该【映像】，在【罡风】结算前我方伏击打出【织魂者】，触发【流星疗泉】的技能并选择该【映像】，在【流星疗泉】的技能结算后【映像】被移动到基地。最后如何结算【诡术妖姬】的内嵌式触发技能？,A：【映像】变为单位A的复制体并获得瞬息。,UNL-215、UNL-199、UNL-T06、OGN-169、VEN-123,22-27
1228145041509187608-04,第三赛季全国公开赛赛后判例,1228145041509187608,2026-07-23,常见问题与解答,"Q：我方3战力单位A征服【流星疗泉】，触发我方【诡术妖姬】的技能打出一名【映像】并在之后的内嵌式触发中选择单位A,此时对方反应打出【罡风】并选择单位A,在【罡风】结算前我方伏击打出【织魂者】，触发【流星疗泉】的技能并选择单位A，在【流星疗泉】的技能结算后单位A被移动到基地。最后如何结算【诡术妖姬】的内嵌式触发技能？",A：【映像】无法变为单位A的复制体，会以0战力存在于场上。,UNL-215、UNL-199、UNL-T06、OGN-169、VEN-123,40-45
1228145041509187608-05,第三赛季全国公开赛赛后判例,1228145041509187608,2026-07-23,常见问题与解答,Q：我方基地有【远见面具】，对方控制的战场上有一名【迅捷蟹】，我方单位A独自进攻该战场并触发【远见面具】的技能，在伤害分配结束后触发【迅捷蟹】的绝念技能。对方在绝念技能结算前伏击打出【雷恩加尔（异兽猎手）】。有【迅捷蟹】参与的这次战斗结果是什么，后续如何结算？,A：这次战斗无结果，之后会开启一次新的战斗，双方重新获得身份，单位A会再次触发【远见面具】面具)的技能。,OGN-060、UNL-053、UNL-120,46-51
1228145041509187608-06,第三赛季全国公开赛赛后判例,1228145041509187608,2026-07-23,赛事规则,Q：循环,"A：某些连续行动可以重复，因此可以变为循环的简化方法。玩家在执行循环时，每次的循环必须完
全相同，不能加入额外的行动。建议玩家完整执行循环二次后再声明循环次数以执行简化操作。
如果有玩家选择进行干预、打破循环，则可以选择在循环尚未完成时将其打破。试图以拒绝执行
简化方法，或提出错误的简化方法，以此消耗时间的玩家，将被视为作弊。",,0-0
1243800197284233235-01,第四赛季区域公开赛「武汉站」赛后判例,1243800197284233235,2026-09-03,常见问题与解答,"Q：我方打出待命的【凯南（御衡之心）】并支付2 法力,是否可以眩晕对方基地中的单位A?",A：不可以。,VEN-135,12-30
1243800197284233235-02,第四赛季区域公开赛「武汉站」赛后判例,1243800197284233235,2026-09-03,常见问题与解答,"Q：我方【凯南（御衡之心）】进攻并支付2法力选择对方该战场上的单位A。对方反应该技能打出【闪现】选择单位 A并成功结算后,我方【凯南（御衡之心）】的技能在结算时是否可以眩晕单位A？",A：可以。,VEN-135、OGS-011,12-30
1243800197284233235-03,第四赛季区域公开赛「武汉站」赛后判例,1243800197284233235,2026-09-03,常见问题与解答,"Q：我方打出待命的【凯南（御衡之心）】并支付2法力选择对方该战场上的单位A。
对方反应该技能打出【闪现】选择单位 A并成功结算后,我方【凯南（御衡之心）】的技能在结算时是否可以眩晕单位A？",A：不可以。,VEN-135、OGS-011,12-30
1243800197284233235-04,第四赛季区域公开赛「武汉站」赛后判例,1243800197284233235,2026-09-03,常见问题与解答,Q：我方【凯南（御衡之心）】进攻并支付2 法力选择对方该战场上的单位 A。对方反应该技能打出【罡风】选择【凯南（御衡之心）】并成功结算后，我方【凯南（御衡之心）】心】的技能在结算时是否可以眩晕单位A？,"A：可以。
A。对方反应该技能打出【罡风】选择【凯南（御衡之心）】并成功结算后，,我方凯南御衡之心的技能在结算时是否可以眩晕单位A？
不可以。",VEN-135、OGN-169,12-30
1243800197284233235-05,第四赛季区域公开赛「武汉站」赛后判例,1243800197284233235,2026-09-03,常见问题与解答,"Q：我方战场上有【星界灵鹭】A、【星界灵鹭】B,我方打出第一张卡牌并成功结算后触发【星界灵鹭】A和【星界灵鹭】B的技能。在两个技能全部成功结算后,我是否可以不消耗法力和符能打出2张【责退】？","A：不可以,你只能不消耗法力和符能打出第一张【责退】。",VEN-044、OGN-172,40-50
1243800197284233235-06,第四赛季区域公开赛「武汉站」赛后判例,1243800197284233235,2026-09-03,常见问题与解答,"Q：我方战场上有【星界灵鹭】A、【星界灵鹭】B，此时我方打出第一张卡牌并成功结算后触发【星界灵鹭】A和【星界灵鹭】B的技能,我方选择按先 A后 B的顺序加入结算链。之后我方是否可以先结算【星界灵鹭】B的技能，随后反应【星界灵鹭】A的技能不消耗法力和符能打出【训练有素】并结算，再结算【星界灵鹭】A的技能，最后不消耗法力和符能打出【责退】？",A：可以。,VEN-044、OGN-058、OGN-172,40-50
1243800197284233235-07,第四赛季区域公开赛「武汉站」赛后判例,1243800197284233235,2026-09-03,常见问题与解答,"Q：对方2 战力单位进攻我方【哀哀魄罗】独自防守的战场,双方均无后续动作直至伤害分配结束。此时我方是否可以反应【哀哀魄罗】的绝念技能打出【雷恩加尔（异兽猎手）】-异兽猎手}?",A：不可以。,SFD-036、UNL-120,51-55
1248516146510954500-01,第四赛季区域公开赛「沈阳站」赛后判例,1248516146510954500,2026-09-16,常见问题与解答,Q：我方【天角牧者】位于战场A，对方【迅捷蟹】位于战场B。我方打出【我流奥义！隼舞】选择对【迅捷蟹】造成2点伤害并将【天角牧者】移动至战场B，此时【迅捷蟹】蟹】的绝念技能和【天角牧者】的移动技能如何结算？,"A：【我流奥义！隼舞】结算期间先触发【天角牧者】的移动技能，【我流奥义！隼舞】结算后的清理中再触发【迅捷蟹】的绝念技能，故先结算【迅捷蟹】的绝念技能，再结算【天角牧者】的移动技能。
在本次沈阳区域公开赛决赛的第二小局中。红方选手打出【我流奥义！隼舞】选择了战场2蓝方选手的迅捷蟹】并将战场1的【天角牧者】移动至战场2。在这个过程中，由于直播裁判团队出现工作失误，而给出了错误的结算流程，导致蓝方选手处理【迅捷蟹】的绝念效果看到了本不该看到的红方选手因[天角牧者】移动时效果抽取的卡牌，由此获得了额外的游戏信息。
赛后，裁判组第一时间找到了决赛对战的两位选手，告知了正确的结算流程并向两位选手进行了道歉，也当场获得了两位选手的谅解。今后,直播裁判组会进一步优化执裁时的工作流程，避免此类问题的再度发生。我们也希望能带给直播桌对战选手更好的对战体验，让现场及线上直播间的观众获得更好的观看体验。",SFD-048、UNL-053、VEN-140,12-25
1248516146510954500-02,第四赛季区域公开赛「沈阳站」赛后判例,1248516146510954500,2026-09-16,常见问题与解答,"Q：对方打出一个法术,我方反应打出【灵魂折镜】并支付1 符能获得该法术的控制权,并重新选择一个具有法盾的对方单位，此时我需要支付法盾费用吗？",A：不需要。,VEN-152,26-29
1248516146510954500-03,第四赛季区域公开赛「沈阳站」赛后判例,1248516146510954500,2026-09-16,常见问题与解答,Q：我方3战力单位A和对方3战力单位B同时位于一处战场，对方打出【月蚀】选择我方单位A并成功结算。我方随后打出【换换乐】选择单位A和单位B并成功结算，此时双方单位的战力分别是多少？,"A：单位A战力为3,单位B战力为-1。",UNL-063、SFD-145,39-43
1248516146510954500-04,第四赛季区域公开赛「沈阳站」赛后判例,1248516146510954500,2026-09-16,常见问题与解答,"Q：对方【星界灵鹭】位于战场上，我方本回合尚未打出卡牌。此时我方打出【恶意收购】收购】选择【星界灵鹭】并成功结算后,我方打出的下一张卡牌是否可以减少2法力2符能?",A：可以。,VEN-044、SFD-202,44-48
1248516146510954500-05,第四赛季区域公开赛「沈阳站」赛后判例,1248516146510954500,2026-09-16,常见问题与解答,Q：我方【派克（深渊再临）】和对方单位在战斗伤害分配后均被摧毁，我方【派克（深渊再临）】渊再临】的技能是否可以触发并让我打出一个“金币”？,A：不可以。,UNL-145,49-52
